Year,Event,Companies_Before,Requested_Change,Actual_Change,Companies_After,Prior_Year_Real_GDP_Growth
0,Initial,1000,0,0,1000,0.0
2,No change,1000,0,0,1000,-9.099609099072481e-05
3,No change,1000,0,0,1000,0.00010889405532954477
4,No change,1000,0,0,1000,6.278714239638106e-07
5,No change,1000,0,0,1000,-0.0002574216718581601
6,No change,1000,0,0,1000,4.9857981398560014e-05
7,No change,1000,0,0,1000,3.8996067518670685e-05
8,No change,1000,0,0,1000,0.00011887116568809475
9,No change,1000,0,0,1000,3.7354737371986246e-05
10,No change,1000,0,0,1000,-0.0005171217867531164
