Year,Product_ID,Event,Firm_Change,Firms_Before,Firms_After,Market_Before,Market_After,Production_Before,Production_After,Entry_Score,Exit_Score,Prior_Shortage_Rate,Prior_Demand_Growth,Prior_Profit_Margin,Prior_Inventory_Months
3,P0189,Entry,1,1,2,Monopoly,Oligopoly,63.000293163258675,72.45033713774747,0.088418041703604,0.021424631110388465,0.00191028216431524,-0.010225114680425085,0.08755841472966214,0.022886233734695907
3,P0321,Entry,1,20,21,Competitive,Competitive,53.61216161939546,54.01425283154093,0.2026312573995544,0.0005891450236609891,0.003898232635237972,0.0023889683516500337,0.19801029069171727,0.0014728625591524727
3,P0355,Entry,1,1,2,Monopoly,Oligopoly,1074.061365395492,1235.1705702048157,0.21591563391861965,0.0024498314590917667,0.006016075771418854,-0.0020415262159098058,0.21320839982148115,0.0
3,P0407,Entry,1,3,4,Oligopoly,Oligopoly,194.23297637182918,203.94462519042065,0.22436234928331997,0.008435991532670795,0.0,-1.0411308738689229e-05,0.22436234928331997,0.021058744905460915
3,P0408,Entry,1,3,4,Oligopoly,Oligopoly,84.74883288603229,88.9862745303339,0.11722948729264675,0.0,0.007358846715462857,0.0072392452410150465,0.1052309119814704,0.0
3,P0449,Entry,1,16,17,Competitive,Competitive,175.1461837813158,176.78817925426563,0.23447598457019692,0.0016486308830805081,0.0022040858869720598,-0.001276418233308374,0.23348414592105948,0.00029232250777614846
4,P0066,Entry,1,3,4,Oligopoly,Oligopoly,426.4321083496349,447.75371376711666,0.13912780695833774,0.024893607908320604,0.0009401729430469184,-0.01278836691334595,0.13870472913396661,0.023868919030763658
4,P0235,Entry,1,4,5,Oligopoly,Competitive,267.66808547963797,277.7056386851244,0.26371730401662274,0.0,0.008066411644411048,0.008406182313864807,0.25297206264675604,0.0
4,P0238,Entry,2,14,16,Competitive,Competitive,229.48161714102048,234.3990803654709,0.0800344989013119,0.0,0.003223799914796306,0.00642213916337675,0.07087722194360145,0.0
4,P0271,Entry,1,17,18,Competitive,Competitive,21.802517208858813,21.994892360701684,0.14126841381887414,0.0,0.0059175474103974526,0.006643582843937512,0.13063321807147027,0.0
4,P0310,Entry,1,1,2,Monopoly,Oligopoly,25.286691639280978,29.07969538517312,0.25181651282690304,0.004902176695761762,0.00403669517089559,-0.004085147246468135,0.2500396778960396,0.0
4,P0319,Entry,1,10,11,Competitive,Competitive,541.3202726588821,549.4400767487653,0.11945161797832798,0.001314327761590761,0.0028076457498197285,-0.0006226076892823507,0.1181881773909091,0.0014179963361298509
4,P0364,Entry,1,13,14,Competitive,Competitive,674.9500521033311,682.737937319908,0.11207160155878805,0.012635683119547526,0.0010159341603014813,-0.006604225873343861,0.11161443118665239,0.011776530178837235
4,P0420,Entry,1,4,5,Oligopoly,Competitive,166.1953219300007,172.42764650237572,0.23723834955743378,0.003566486325941964,0.0025447418992359133,-0.0029720719382849703,0.2360932157027776,0.0
5,P0066,Entry,1,4,5,Oligopoly,Competitive,445.2181196956195,461.9137991842053,0.15100428804037164,0.02158330787529525,0.0,0.047267042431493156,0.09428383712257986,0.053958269688238115
5,P0327,Entry,1,4,5,Oligopoly,Competitive,81.1512212777056,84.19439207561958,0.20408272000363936,0.012381704952268292,0.0,-0.006149334540448637,0.20408272000363936,0.012506258759324823
5,P0330,Entry,1,4,5,Oligopoly,Competitive,330.2487485889098,342.63307666099394,0.14528528110406685,0.0,0.005279961442379269,0.0022990490331180613,0.1401504396152545,0.0
5,P0340,Entry,1,4,5,Oligopoly,Competitive,740.5764681913131,768.3480857484874,0.1529992168313171,0.0004440679255342686,0.004056682752793518,-0.00022321466068575546,0.15117370959256002,0.0004405258317784052
5,P0379,Entry,1,3,4,Oligopoly,Oligopoly,19.746214464276644,20.73352518749048,0.25520893909821674,0.0,0.005805256866616075,0.002163811256866266,0.2563413526112868,0.0
5,P0399,Entry,1,3,4,Oligopoly,Oligopoly,64.79543619810056,68.0352080080056,0.24083435203516493,0.0009550802958391115,0.0016987260670749812,-0.0006749427059076218,0.2400699253049812,0.00036287262187491325
5,P0400,Entry,1,10,11,Competitive,Competitive,72.05981556917503,73.14071280271264,0.19912697089406436,0.012629299136186708,0.0032646663280132904,-0.005802704651403423,0.19765787104645838,0.0141651338862565
5,P0422,Entry,1,10,11,Competitive,Competitive,125.67722357563075,127.5623819292652,0.258651797308581,0.0,0.004970241664632388,0.006710553942913311,0.24836252382800045,0.0
5,P0430,Entry,1,12,13,Competitive,Competitive,289.41362049398174,293.0312907501565,0.19765980180606124,0.0,0.002795978109344766,0.0005993422470449428,0.19568240096040215,0.0
5,P0473,Entry,1,19,20,Competitive,Competitive,163.88682694528492,165.1806703159056,0.09730791057307352,0.014760414041044698,0.002565654673091981,-0.0069191761829310305,0.09615336597018212,0.016143506553818656
6,P0130,Entry,1,3,4,Oligopoly,Oligopoly,1357.1986223447136,1425.0585534619493,0.11339041093811378,0.0,0.006692169334121117,0.003808593421247064,0.1058086226322628,0.0
6,P0153,Entry,1,4,5,Oligopoly,Competitive,1453.1913557354408,1507.68603157552,0.19862106304538388,0.0,0.007993810086432985,0.005995615447181191,0.1878291099698716,0.0
6,P0237,Entry,1,8,9,Competitive,Competitive,365.3250588713197,372.174903725157,0.0514810917757827,0.0,0.005293554760040835,0.005278117402846005,0.04276525125034912,0.0
6,P0249,Entry,1,4,5,Oligopoly,Competitive,406.9893697949339,422.25147116224394,0.21559144797286053,0.0,0.0072360644091993285,0.007798484450049381,0.20297703764866157,0.0
6,P0260,Entry,1,18,19,Competitive,Competitive,252.53675972461411,254.64123272231922,0.07061860822812638,0.0,0.004704742687984391,0.0017446676316572596,0.0664078728605447,0.0
6,P0266,Entry,1,8,9,Competitive,Competitive,247.51505595269904,252.15596325181215,0.20753967391865027,0.0,0.0047724275177318835,0.0029100174162515202,0.2019000606361691,0.0
6,P0281,Entry,1,1,2,Monopoly,Oligopoly,143.55416208279536,165.08728639521465,0.24910751971124356,0.001682911860596592,0.006864371773273355,-0.00140242655049716,0.24601855241327056,0.0
6,P0310,Entry,1,2,3,Oligopoly,Oligopoly,29.67242978780249,31.897862021887676,0.2539693917880818,0.00300596378818323,0.008820870640181859,-0.002504969823486025,0.2506627045608501,0.0
6,P0324,Entry,1,19,20,Competitive,Competitive,155.20071772488708,156.4259865490309,0.19981316896458087,0.0,0.0029984611902191716,0.004371166770841262,0.19321846130397274,0.0
6,P0372,Entry,1,3,4,Oligopoly,Oligopoly,343.02932056297465,360.1807865911234,0.22696905377357357,0.0,0.005466136097655079,0.0011180047675616311,0.22316768680855484,0.0
6,P0445,Entry,1,9,10,Competitive,Competitive,94.92320047965107,96.50525382097858,0.25096983379203675,0.0021219888078647395,0.0021551862045260735,-0.0017259219605532117,0.25408430875076704,0.000127206138002214
7,P0270,Entry,2,15,17,Competitive,Competitive,44.917061828951496,45.815403065530525,0.20495446724482816,0.0,0.0043638655087545695,0.005436906159311583,0.1964664403747147,0.0
7,P0296,Entry,1,9,10,Competitive,Competitive,98.85773122974656,100.50536008357567,0.1421600478779011,0.0,0.006726313490562419,0.008068498690364523,0.12945100837871057,0.0
7,P0311,Entry,1,3,4,Oligopoly,Oligopoly,165.21167165810635,173.47225524101168,0.21698719261323923,0.004047667460679267,0.0031827397883534107,-0.0030828168958054736,0.2155549597084802,0.000870717964281748
7,P0372,Entry,1,4,5,Oligopoly,Competitive,355.1819549623357,368.5012782734233,0.24104199074792682,0.030295841313479746,0.0,0.029323216338686064,0.20585413114150355,0.07573960328369936
7,P0402,Entry,1,4,5,Oligopoly,Competitive,183.15127986985036,190.01945286496976,0.2554548220954368,0.0,0.0014204099960070438,0.0040130313310280386,0.2529940531176068,0.0
7,P0404,Entry,1,10,11,Competitive,Competitive,247.15915148101476,250.86653875322995,0.24692993844831984,0.0,0.006174114649257058,0.006438580516902936,0.23642529023587064,0.0
7,P0418,Entry,2,3,5,Oligopoly,Competitive,40.08787958956089,44.09666754851698,0.24918366576429948,3.4859149650967153e-07,0.0036826752941802048,0.003261734517766346,0.24361238046059877,8.714787412741787e-07
7,P0475,Entry,1,1,2,Monopoly,Oligopoly,247.53753323208943,284.6681632169028,0.25036800723155045,0.020899669030480225,0.0008177938478898595,-0.00650002838406738,0.2511998745953471,0.03274908742399842
8,P0123,Entry,1,1,2,Monopoly,Oligopoly,1773.1799124948673,2039.1568993690971,0.139424886554942,0.0,0.011483125611402592,0.005437617014959484,0.12773233961185945,0.0
8,P0227,Entry,1,3,4,Oligopoly,Oligopoly,826.7049245013682,868.0401707264366,0.11630025188928172,0.006771046403368137,0.00016173534027965613,-0.0024377078139281583,0.11622747098615588,0.009614492566635867
8,P0239,Entry,1,8,9,Competitive,Competitive,168.379086800984,171.53619467850245,0.08942762673956653,0.00289934892194581,0.0033811814040912826,-0.0024161241016215085,0.08790609510772546,0.0
8,P0281,Entry,1,2,3,Oligopoly,Oligopoly,167.3368315024489,179.88709386513256,0.24449538673001475,0.012323796277375497,0.0059331699403102536,-0.010269830231146249,0.24182546025687512,0.0
8,P0291,Entry,1,1,2,Monopoly,Oligopoly,196.6899890663396,226.19348742629052,0.2527061048174241,0.0,0.00839210033267542,0.0024806563310049157,0.24595287207051428,0.0
8,P0368,Entry,1,4,5,Oligopoly,Competitive,119.41926657251554,123.89748906898488,0.21150263489104792,0.014854034831143333,0.0010684499683192479,-0.007246667600420809,0.21102183240530425,0.015395084276595904
8,P0376,Entry,1,18,19,Competitive,Competitive,3.259322175138758,3.2864831932649143,0.18507487464793645,0.0,0.004690533108797506,0.0024859484673962484,0.17998099658810207,0.0
8,P0377,Entry,1,8,9,Competitive,Competitive,25.8864169533016,26.371787271176007,0.2516099508776784,0.01148170534229398,0.0035776686170631415,-0.006409280108753634,0.2568517646087249,0.009476423029474046
8,P0395,Entry,1,4,5,Oligopoly,Competitive,730.4314924503054,757.8226734171919,0.16158225138741777,0.0,0.004578626158563384,0.003892868108776426,0.15485042788553255,0.0
8,P0425,Entry,1,3,4,Oligopoly,Oligopoly,235.24119723014664,247.00325709165398,0.17492248167941507,0.0,0.007829954595704965,0.007051913165188717,0.16293670631312138,0.0
8,P0450,Entry,1,1,2,Monopoly,Oligopoly,63.806094213894205,73.37700834597833,0.2533160811980798,0.0,0.005313197227353518,0.0007709520381422585,0.2594281176263651,0.0
9,P0281,Entry,2,3,5,Oligopoly,Competitive,176.99024954766008,194.68927450242612,0.2692860966720214,0.03536913469033286,0.0,0.04835080125775271,0.21126513516271814,0.08842283672583214
9,P0311,Entry,1,4,5,Oligopoly,Competitive,174.32036464614768,180.85737832037825,0.20717251775797169,0.0005387457509906181,0.002201034808616938,0.0012000886416934087,0.20474194572406199,0.0013468643774765452
9,P0323,Entry,1,20,21,Competitive,Competitive,113.4575125018456,114.30844384560945,0.19194252464853825,0.00026266835677943507,0.005095595728418066,0.0037862231274379265,0.18510603881782461,0.0006566708919485876
9,P0343,Entry,1,3,4,Oligopoly,Oligopoly,215.99078454162324,226.7903237687044,0.25143974643283484,0.0,0.0027329513974080795,0.0014106979111732088,0.24851708081059337,0.0
9,P0378,Entry,1,12,13,Competitive,Competitive,26.886420824856447,27.222501085167153,0.25099295375334374,0.00534237471963603,0.002206563896319441,-0.0027666852867959113,0.2569626160311093,0.005055880938702342
9,P0398,Entry,1,8,9,Competitive,Competitive,46.213283057720076,47.07978211505233,0.17306652939175085,0.012551166019477433,0.0,-0.005093635658177997,0.17306652939175085,0.01609700807415959
9,P0419,Entry,1,9,10,Competitive,Competitive,105.43345464363463,107.1906788876952,0.16240014728714688,0.0,0.0038922570043984066,0.00174268846248804,0.15855740548018196,0.0
9,P0455,Entry,1,4,5,Oligopoly,Competitive,783.6608291850904,813.0481102795313,0.23999117067742973,0.0016556299766008961,0.0041415291249702,-0.0010556048514974714,0.23812748257119315,0.0009722603870098262
9,P0468,Entry,1,12,13,Competitive,Competitive,314.9619885607395,318.89901341774873,0.13779324352694788,0.02109641932940216,0.0006590583319865968,-0.010054332891766604,0.1374966672775539,0.02257804964820559
9,P0475,Entry,1,2,3,Oligopoly,Oligopoly,291.2849801313051,313.13135364115294,0.2535802814727108,0.011920173256568191,0.007956181050468386,-0.009029866120526586,0.2541221310875692,0.0027108347798407203
10,P0081,Entry,1,4,5,Oligopoly,Competitive,1692.2749637497677,1755.735274890384,0.05548121817905295,0.004895046296452633,0.00012834985452224958,-0.00370925429820701,0.05542346074451794,0.0011098528465105534
10,P0141,Entry,1,4,5,Oligopoly,Competitive,1669.31346648105,1731.9127214740895,0.1514574179835791,0.002078493328006887,0.0017362421634940413,-0.0015176429112880863,0.15067610901000678,0.0006433045861529594
10,P0281,Entry,1,5,6,Competitive,Competitive,195.11570832977773,200.96917957967108,0.27756238470544986,0.028828128860111393,0.0,0.07541943741674895,0.18705905980535115,0.07207032215027848
10,P0325,Entry,1,13,14,Competitive,Competitive,352.9834736858137,357.05635992065,0.1442409365540725,0.007411494166507621,0.002042015341033193,-0.004915383330255874,0.14332202965060756,0.003782585425501433
10,P0355,Entry,1,2,3,Oligopoly,Oligopoly,1288.430266876131,1385.0625368918409,0.15885806515149228,0.024830515994752313,0.0016851101224560764,-0.012036298479275898,0.15809976559638705,0.025967394549053086
10,P0375,Entry,1,16,17,Competitive,Competitive,121.37700783399303,122.51491728243671,0.24986099558213576,0.009296132603269246,0.0009442056555795116,-0.006218625257507715,0.249436103037125,0.004584455735649972
10,P0377,Entry,1,9,10,Competitive,Competitive,26.448591972125538,26.88940183832763,0.25076513751160134,0.016503148826281573,0.0017003055813362854,-0.007721633181209997,0.25598646199509933,0.018092972522073945
10,P0428,Entry,1,4,5,Oligopoly,Competitive,291.2422062571624,302.16378899180603,0.2476429884896353,0.014005558270192342,0.002866511283240679,-0.0073945400860147,0.246353058412177,0.012830275417436756
10,P0441,Entry,1,1,2,Monopoly,Oligopoly,177.7710037738548,204.436654339933,0.25289669009734256,0.00040630709212745585,0.006437089105205695,-0.00033858924343954655,0.2585009837357966,0.0
10,P0463,Entry,1,3,4,Oligopoly,Oligopoly,593.1080317742062,622.7634333629165,0.2537586695096667,0.0,0.003922032644051871,0.003600150263536994,0.24767357450359895,0.0
