Period_Month,Year,Month_in_Year,Household_Count,Company_Count,Nominal_GDP_Monthly,Nominal_GDP_Annualized,Nominal_GDP_Growth_MoM,Real_GDP_Monthly_Base_Prices,Real_GDP_Growth_MoM,CPI_Index,Inflation_MoM,Inflation_12M,Planned_Consumption,Realized_Consumption_Sales,Unmet_Demand_Value,Inventory_Value,Shortage_Product_Share,Average_Imbalance,Producer_Profit,Median_Product_Price_Change,Monopoly_Products,Oligopoly_Products,Competitive_Products,Product_Count,New_Products_This_Month
0,0,0,1000,1000,18611576.22,223338914.64,0.0,18611576.22,0.0,100.0,0.0,0.0,18611576.22,18611576.22,0.0,0.0,0.0,0.0,3084921.1637,0.0,24,119,334,477,0
1,1,1,1000,1000,18610905.384492792,223330864.6139135,-3.604399215184628e-05,18611576.22,0.0,99.99999999999999,-1.1102230246251565e-16,-1.3322676295501878e-15,18611576.22,18610651.77968802,924.4403119767331,253.60480476932509,0.012295081967213115,0.00043982550018666175,3084493.4294374287,0.0016938936200419346,35,119,334,488,11
2,1,2,1000,1000,18647425.965892933,223769111.5907152,0.0019623215875661515,18611675.11291455,5.313516350469172e-06,100.19603727336681,0.0019603727336683363,0.011820033219192894,18611576.219999995,18609041.84796841,2534.372031586133,38637.42844622605,0.01818181818181818,-0.0005868115294612096,3052419.5849180706,0.0015930999529286901,42,119,334,495,7
3,1,3,1000,1000,18662188.18546289,223946258.22555465,0.0007916491850916696,18603487.847977784,-0.00043989941190658577,100.31226482040154,0.0011600014351627053,0.012549220296897312,18648061.846552268,18642522.78124056,5539.0653117129295,58337.486988975244,0.02574257425742574,-0.0014299773078513967,3072940.688387447,0.0015442908488345342,52,119,334,505,10
4,1,4,1000,1000,18680248.2629005,224162979.15480602,0.0009677363264228855,18600377.517660253,-0.00016719070869652963,100.47785625197685,0.0016507595743331382,0.014404300655420643,18669693.625057276,18653441.1605977,16252.464459578438,85193.88586787312,0.036468330134357005,-0.0028449071276899474,3067595.463308342,0.0015275546446555962,68,119,334,521,16
5,1,5,1000,1000,18718322.486921735,224619869.84306082,0.0020382076022431583,18597364.32156107,-0.0001619965022926495,100.70887077205914,0.0022991585280538462,0.017097397860518893,18700512.80055871,18684005.16050149,16507.640057218145,119624.17097956013,0.039923954372623575,-0.00448929280658645,3065934.449049549,0.0013114260558847854,73,119,334,526,5
6,1,6,1000,1000,18738942.522552848,224867310.27063417,0.0011015963447322807,18593009.87353942,-0.0002341432875301308,100.83557837149486,0.001258157285096706,0.016781386551388167,18743508.24404309,18722006.219355263,21502.024687826175,136530.94084127754,0.04823747680890538,-0.005390524967968332,3086455.388651537,0.0012845085102106404,86,119,334,539,13
7,1,7,1000,1000,18755629.51785363,225067554.21424353,0.0008904982381314763,18594375.455717616,7.344599865666268e-05,100.92070964582469,0.0008442583035146445,0.01583544893561384,18767090.5254886,18745704.513538484,21386.011950116583,146434.36192420332,0.0546448087431694,-0.006547631958898048,3096311.666778322,0.0013574090045862927,96,119,334,549,10
8,1,8,1000,1000,18773649.245496247,225283790.94595498,0.0009607636803374842,18597251.61250621,0.00015467885949949078,101.00397373887631,0.0008250446647060095,0.015097341694601418,18782934.797497552,18762670.82439905,20263.97309849951,157284.2193667512,0.05935251798561151,-0.007881874614185776,3098481.770875627,0.0013163776286657263,103,119,334,556,7
9,1,9,1000,1000,18802167.859865192,225626014.31838232,0.001519076765311711,18599374.976718236,0.00011417623723475323,101.14948805804407,0.0014406791513366102,0.015355795521748705,18798431.557639748,18782468.173585765,15963.384053979466,176926.44455003887,0.06525573192239859,-0.009235089181379465,3094622.279208868,0.001066099634323291,114,119,334,567,11
10,1,10,1000,1000,18822893.992139183,225874727.9056702,0.001102326733197101,18598619.374736343,-4.062512760982795e-05,101.26526252539898,0.0011445877737756849,0.015202296524895687,18825514.066062666,18811009.150919158,14504.915143510227,188540.95161165684,0.07666098807495741,-0.010483593677356153,3105795.484193098,0.0009896817287143409,134,119,334,587,20
11,1,11,1000,1000,18839610.284348495,226075323.41218194,0.0008880830023423325,18598976.46674229,1.919992009891125e-05,101.35224475962414,0.0008589543151911183,0.014760791365830972,18847061.519297726,18834988.555177122,12072.964120605475,192891.6829366167,0.07859531772575251,-0.011564557084961081,3115878.860417111,0.0008681218870851968,145,119,334,598,11
12,1,12,1000,1000,18871504.07650946,226458048.91811353,0.0016929114604595785,18600377.897035647,7.534986109924979e-05,101.51675017130057,0.0016231057542592797,0.015167501713005738,18863250.284118403,18853522.156444184,9728.127674213605,210697.03323248937,0.0851063829787234,-0.012861055993735243,3107924.9370294185,0.0010397116764328017,158,119,334,611,13
13,2,1,1010,1000,18907891.436677366,226894697.2401284,0.0019281642851773917,18598520.257241953,-9.987107810272011e-05,101.7247625140331,0.0020490445407435054,0.01724762514033107,19082806.00754057,19010852.728266492,71953.27927408,107661.5601501162,0.3274478330658106,-0.009539337347478773,3234681.139665594,0.001493749279505762,170,119,334,623,12
14,2,2,1010,1000,18965903.715822376,227590844.58986852,0.003068151694190391,18636986.22325666,0.0020682272289769266,101.82721948996196,0.001007197985984254,0.01627990747922259,19121907.527012393,19027237.824283924,94669.7027284689,46046.92571152573,0.2111111111111111,-0.008731173132112984,3206323.257032045,0.0018136150056865482,177,119,334,630,7
15,2,3,1010,1000,19028901.892439105,228346822.70926926,0.0033216543519711816,18670827.502514888,0.0018158128601286627,101.98123186617758,0.0015124872994376481,0.016637716721521034,19141167.073761776,19037584.890213247,103582.18354852796,37078.315380161126,0.11930926216640503,-0.009118605091234779,3167335.4300779095,0.0016433486644126154,184,119,334,637,7
16,2,4,1010,1000,19098252.771539055,229179033.25846866,0.003644502425413476,18694907.079744328,0.001289689877226774,102.22376708881869,0.002378233898560511,0.017376075704317095,19170117.84585725,19102008.88298467,68108.96287258236,33055.398911961376,0.11728395061728394,-0.009455893789473304,3176175.10338562,0.0016618303283123968,195,119,334,648,11
17,2,5,1010,1000,19150169.695464686,229802036.34557623,0.002718412231039302,18710237.456518117,0.0008200295785583123,102.37257384834012,0.001455696299982101,0.016519925836985472,19215708.86995767,19142907.71425739,72801.15570028126,40131.67409897249,0.12518853695324283,-0.009594134561120574,3176034.817903566,0.0016045908582421557,210,119,334,663,15
18,2,6,1010,1000,19202406.25160409,230428875.01924908,0.002727733329265236,18725389.481603272,0.0008098253761004148,102.56862528261182,0.001915077709798929,0.017186859431024715,19243681.106261205,19193438.90724239,50242.199018808795,48874.891538270014,0.10814814814814815,-0.011109076009173014,3184465.28770071,0.0015657510177051236,222,119,334,675,12
19,2,7,1010,1000,19244520.276200023,230934243.31440026,0.0021931639214440857,18735064.1004191,0.0005166578150661572,102.74525382797566,0.0017220523808052501,0.018078986845753597,19280534.251002282,19229562.16733184,50972.08367044186,63457.42721947614,0.10349854227405247,-0.011541472906078574,3186321.984267181,0.0015526798988486756,233,119,334,686,11
20,2,8,1010,1000,19283506.9880426,231402083.8565112,0.002025860415486358,18743686.753628146,0.00046024145755940715,102.9053032420236,0.0015577304847183004,0.018824303963156597,19313736.340912417,19269670.93051597,44065.4103964469,76844.20051321409,0.10601719197707736,-0.011967133718045739,3194769.2259047916,0.0015618570659378774,245,119,334,698,12
21,2,9,1010,1000,19338390.274471056,232060683.29365265,0.0028461257831622344,18750685.788300205,0.00037340757792514445,103.16016632686402,0.00247667590309697,0.019878284185344874,19343821.93678447,19313045.552722037,30776.38406242751,101602.16551591083,0.10795454545454546,-0.012871917843320367,3193056.4961321913,0.0013966040017398744,251,119,334,704,6
22,2,10,1010,1000,19375244.377494406,232502932.52993286,0.001905748229313664,18752148.995409075,7.80348583186985e-05,103.3224138221073,0.0015727727185821383,0.02031448144611625,19391730.3144491,19354093.122322615,37637.19212648538,122290.19697150897,0.11871508379888268,-0.012727672433304752,3203983.208757283,0.001420800466359027,263,119,334,716,12
23,2,11,1010,1000,19403090.03615824,232837080.4338989,0.0014371771587138316,18756668.20887391,0.00024099709670299951,103.47109403310802,0.0014389928138605068,0.020905795214591683,19422229.09885377,19384123.114858292,38105.983995476585,140564.21690771362,0.11820652173913043,-0.01317642097274094,3210799.356559224,0.001378006321539435,283,119,334,736,20
24,2,12,1010,1000,19440337.52465958,233284050.29591498,0.0019196678689801239,18761141.54699064,0.00023849321568825133,103.65588006256124,0.0017858710317115722,0.02107169395839681,19450177.546956167,19420973.151925504,29204.395030664546,159282.07482822347,0.11594202898550725,-0.013958581660556016,3216843.7162413793,0.0014014708428317893,306,119,334,759,23
25,3,1,1020,1006,19504776.137048066,234057313.6445768,0.0033146858847870053,18780257.895339735,0.0010189331124235146,103.76547008140209,0.0010572484530033677,0.02006106986081657,19677832.986842472,19534058.393590834,143774.59325163875,129241.36874020743,0.5432258064516129,-0.010194136109706388,3269432.06308885,0.0018444877440528655,321,119,335,775,16
26,3,2,1020,1006,19571915.34249979,234862984.10999745,0.0034421930802988054,18819738.000827495,0.002102213170222633,103.92754979701002,0.0015619812205427408,0.020626413227900153,19698637.34532627,19569235.537825532,129401.80750074098,131249.42784459327,0.33964646464646464,-0.010749264206062106,3252050.332009263,0.0018294759059182867,338,119,335,792,17
27,3,3,1020,1006,19620623.400441676,235447480.80530012,0.002488670990524744,18848165.009083964,0.0015104890543757854,104.03540976956609,0.001037838116714429,0.020142705337037325,19729406.246929955,19600271.81997335,129134.4269566038,150365.6295174594,0.2521419828641371,-0.01095850452524141,3245127.108442713,0.0018253912678197475,363,119,335,817,25
28,3,4,1020,1006,19655188.107952636,235862257.2954316,0.001761651849970347,18872401.893824242,0.001285901557451119,104.08766612533861,0.0005022939390373349,0.018233519362482964,19749882.17675316,19637319.14272087,112563.03403228626,166226.16989085096,0.1827956989247312,-0.012222284919990141,3255663.794731578,0.0016206270139342237,383,119,335,837,20
29,3,5,1020,1006,19719286.153780527,236631433.84536633,0.0032611260434569633,18893248.24797315,0.0011045946491703429,104.3210126710185,0.0022418270518131944,0.019032820504883308,19759802.422867246,19701985.500514396,57816.92235285112,181230.63658589908,0.16666666666666666,-0.014088251901493227,3268771.180104929,0.0016181753762202957,392,119,335,846,9
30,3,6,1020,1006,19756182.615963254,237074191.39155906,0.001871085083658297,18902267.73501469,0.0004773920780141161,104.47087307448659,0.0014365313337274532,0.018546098152660395,19804100.482477315,19749263.856856436,54836.625620875006,185499.4495292477,0.15967365967365968,-0.014646660908364577,3286097.906795103,0.0014039330963964473,404,119,335,858,12
31,3,7,1020,1006,19789726.76124852,237476721.13498226,0.0016979062168702708,18912334.26393962,0.0005325566787037772,104.57596611418234,0.001005955407502146,0.017817974242117396,19832549.693356678,19785377.20672457,47172.486632106724,187458.4989786162,0.16095890410958905,-0.015069315229170068,3295528.1547343675,0.0014526567516193328,422,119,335,876,18
32,3,8,1020,1006,19832455.14043872,237989461.68526465,0.0021591192089558398,18921176.205925174,0.0004675225100274627,104.75869665709929,0.0017473474040625714,0.018010669583439,19852500.353965268,19814171.87148507,38328.4824801964,203089.47517107995,0.14429530201342283,-0.016176725138263504,3289475.6787625337,0.001466957440833418,440,119,335,894,18
33,3,9,1020,1006,19871676.55551043,238460118.66612518,0.001977637906853902,18925319.074163284,0.0002189540540726842,104.9465812520589,0.0017934987829659743,0.017316906212952565,19887189.56892292,19851335.217096787,35854.35182613013,221145.82532108505,0.14427312775330398,-0.016065400796365162,3294298.0063870642,0.001336217625869191,454,119,335,908,14
34,3,10,1020,1006,19878868.44860279,238546421.38323346,0.0003619167749771002,18928469.97114997,0.00016649108923005862,104.970472419831,0.0002276507484766377,0.015950639718514514,19922857.219211396,19878452.178123534,44405.04108785983,218991.4628625361,0.1475054229934924,-0.015927177901547747,3315670.213568536,0.0014080114348952624,468,119,335,922,14
35,3,11,1020,1006,19905245.244539954,238862942.93447945,0.0013268761250351258,18937508.466026608,0.00047750794915879524,105.07976233112304,0.0010411490848105664,0.015547030917642424,19927392.67256914,19898895.51221734,28497.160351803504,222744.01491636405,0.1339662447257384,-0.016833984174508453,3314663.6374283303,0.0012153230540528272,494,119,335,948,26
36,3,12,1020,1006,19936359.272001456,239236311.26401746,0.001563106963981653,18941658.52633783,0.0002191450009734197,105.22122577698083,0.0013462482472317294,0.015101369198494474,19948140.05921285,19927346.240513414,20793.8186994312,229646.4088671111,0.12357217030114226,-0.01746718490581564,3317591.7176952944,0.0011704092998840291,509,119,335,963,15
37,4,1,1030,1016,19978295.062019497,239739540.74423397,0.0021034828599288957,18960455.01896464,0.00099233615687222,105.34212369276248,0.001148987905138954,0.015194395689852813,20170828.494154103,20047919.887039598,122908.60711450603,158473.47312648012,0.4642857142857143,-0.013458322117749359,3386597.3822772694,0.0016406469102402755,520,124,336,980,17
38,4,2,1030,1016,20089749.812392067,241076997.7487048,0.005578791885222145,19000304.03718743,0.002101691029193775,105.60365038456123,0.0024826411565568307,0.016127586870131605,20194004.532130517,20088430.0838889,105574.44824162284,158365.35322345878,0.28986960882647944,-0.013277189341205897,3339943.657851455,0.0015824749287806847,537,124,336,997,17
39,4,3,1030,1016,20134939.389429517,241619272.6731542,0.0022493847588671567,19023695.30133361,0.0012310994655873042,105.70862193597812,0.0009940144212308155,0.016083102571692764,20244138.998897687,20125897.96282923,118241.03606845782,165905.52232074703,0.29549902152641877,-0.01289229179789506,3342089.6246339194,0.00174563226889895,562,124,336,1022,25
40,4,4,1030,1016,20226475.567800857,242717706.8136103,0.004546136275900281,19047136.12582139,0.0012321909133046205,105.97007809465417,0.002473366447198533,0.018084870565248545,20264261.965007994,20187510.0143894,76751.95061859285,202909.20114291413,0.22158548233046801,-0.01322376257104075,3331287.2941284776,0.0015919564580957504,587,124,336,1047,25
41,4,5,1030,1016,20248334.13631066,242980009.6357279,0.0010806909209926108,19057130.63033346,0.0005247247904383023,106.02394180445079,0.0005082916872864995,0.016323932157393584,20314382.910629485,20217318.279388934,97064.63124054951,231657.09578897187,0.2389463781749765,-0.013184992161271364,3343955.2765438836,0.0015198246188238601,603,124,336,1063,16
42,4,6,1030,1016,20300490.649385273,243605887.79262328,0.0025758421766204354,19072477.184580795,0.0008052919689236493,106.22577825132143,0.0019036874448876695,0.01679803303245686,20324708.542595312,20262510.531815436,62198.010779876175,266719.70899557404,0.1937269372693727,-0.014312343643768228,3346948.6712006866,0.0014827555061332064,624,124,336,1084,21
43,4,7,1030,1016,20337166.775454015,244046001.30544817,0.001806662050793939,19078303.645735875,0.0003054905295569732,106.39294267120236,0.0015736709359326362,0.01737470495884441,20363400.435068857,20307583.996093135,55816.43897571693,293144.1102954421,0.19389587073608616,-0.014844307857537854,3361900.501293835,0.0013306778495670323,654,124,336,1114,30
44,4,8,1030,1016,20331112.22668618,243973346.72023416,-0.00029770856652178157,19083977.876501556,0.00029741799224125565,106.57257429343917,0.0016883791135653414,0.017314816757191487,20395445.72649028,20309141.8933674,86303.83312287997,310905.47899164254,0.18427947598253275,-0.015775932413232302,3364754.620856691,0.0014119936928517441,685,124,336,1145,31
45,4,9,1030,1016,20363466.743529268,244361600.9223512,0.00159137958033706,19094200.59961235,0.0005356704549204228,106.68804531941352,0.0010834966382289313,0.01659381417267891,20429880.971066743,20347110.3806459,82770.59042083952,322832.4142954325,0.17823479005998286,-0.016840747572283925,3376718.3813610156,0.001433126010593328,707,124,336,1167,22
46,4,10,1030,1016,20390408.802564245,244684905.63077092,0.0013230585623902336,19104587.05939664,0.0005439588701345865,106.78460205158838,0.0009050379720219048,0.017282285103012107,20452016.67841831,20386504.475653082,65512.20276522785,322698.8399372006,0.16093880972338642,-0.017731603076894642,3394450.8377848007,0.0013078573882637932,733,124,336,1193,26
47,4,11,1030,1016,20409006.469560537,244908077.63472646,0.0009120791631187508,19114449.054844894,0.000516210866929212,106.83135540154065,0.00043782857316521095,0.016669176172078304,20470526.530116703,20409944.738956627,60581.7911600777,317818.6795104981,0.13943894389438943,-0.01911612563351567,3403291.4252768084,0.0012835138198325825,752,124,336,1212,19
48,4,12,1030,1016,20424318.19914291,245091818.38971493,0.0007502437517088456,19123982.706835374,0.0004987667686955355,106.86733362700409,0.0003367758962544709,0.015644256544893542,20479489.111539327,20428840.967868242,50648.14367108425,310097.39944203064,0.13306451612903225,-0.020104618513373668,3410212.1369328536,0.0012204402841739497,780,124,336,1240,28
49,5,1,1041,1025,20461594.631392438,245539135.57670927,0.0018251004457565667,19136164.053393822,0.0006369670348056466,107.00760039712729,0.0013125317659068436,0.01581016829717874,20705172.757614687,20530519.73993277,174653.01768191322,238194.75131966488,0.4912559618441971,-0.016188902541333733,3464985.7839009017,0.0016862801647931076,793,128,337,1258,18
50,5,2,1041,1025,20552908.246847935,246634898.96217522,0.004462683241481136,19182622.542995322,0.00242778487223827,107.22482549065009,0.002029996866733219,0.015351506318060704,20732348.954577643,20596073.018447664,136275.93612998127,192421.85785619155,0.32867132867132864,-0.016536450540747493,3459040.0134171564,0.0016571447718377553,822,128,337,1287,29
51,5,3,1041,1025,20639829.863133892,247677958.3576067,0.004229163836183103,19216177.613235645,0.0017492431061036928,107.41160820318983,0.0017419726419234394,0.01611019267892,20774435.557995453,20645433.721662827,129001.83633262597,184693.82482817478,0.31634980988593153,-0.0165074337051753,3440698.4758295612,0.0016561316166302032,850,128,337,1315,28
52,5,4,1041,1025,20696647.17149767,248359766.057972,0.0027527992595162143,19243255.49035671,0.0014091187990692422,107.56336137301146,0.0014128190831530496,0.015035218497566394,20810624.056388885,20700805.144206684,109818.91218220009,178421.49979809351,0.2768192048012003,-0.01683343597353509,3451284.703335835,0.0015783622797497438,868,128,337,1333,18
53,5,5,1041,1025,20757015.734294366,249084188.81153238,0.0029168281362903503,19265637.901151694,0.0011631301577947895,107.75746867034862,0.001804585640123424,0.01635033405091768,20840025.703188077,20754974.521406174,85051.18178189977,177986.69723596142,0.24153166421207659,-0.01767432820143353,3457281.397715009,0.0016117132321065777,893,128,337,1358,25
54,5,6,1041,1025,20825881.92199121,249910583.0638945,0.0033177306689162744,19281734.839818694,0.0008355258595427184,107.98134157736689,0.002077562787811571,0.016526716536657826,20877633.314311855,20802806.694078892,74826.6202329632,197904.87447849632,0.21754894851341552,-0.017734667704774543,3450116.2676691,0.0015618143905649908,914,128,337,1379,21
55,5,7,1041,1025,20858892.807861872,250306713.69434246,0.001585089457162514,19292722.1882763,0.000569831944525756,108.0996892580278,0.0010960012066167923,0.016041915412566166,20921007.908383247,20844910.611387484,76097.29699576377,207752.94050075032,0.2265625,-0.017406573553932346,3465659.8322125627,0.0015044514753165554,943,128,337,1408,29
56,5,8,1041,1025,20884306.90287873,250611682.83454478,0.0012183817832978061,19305276.239331048,0.0006507143435869889,108.16823900496996,0.0006341345420386446,0.014972564209036143,20943937.358294476,20868044.544650245,75892.81364423057,219368.05908536102,0.2013840830449827,-0.01775924457738508,3468749.5589580545,0.001473984958170459,980,128,337,1445,37
57,5,9,1041,1025,20935192.461958725,251222309.54350471,0.0024365452641850194,19317177.514934134,0.0006164778714141672,108.37259619889474,0.0018892532207663848,0.0157894998866821,20957218.63241966,20899808.863106437,57409.76931322606,249796.77966279187,0.15170068027210884,-0.01868197869055767,3459179.237077246,0.0012720784088850637,1005,128,337,1470,25
58,5,10,1041,1025,20959273.620740306,251511283.44888365,0.0011502716693594373,19321753.58591289,0.000236891283688756,108.48083835538831,0.000998796377406297,0.015884652573602942,20996812.125219267,20937414.737279776,59397.3879394912,265385.81384544057,0.16120401337792642,-0.018443222010226763,3477017.4515499603,0.001460171768311666,1030,128,337,1495,25
59,5,11,1041,1025,20975900.5944321,251710807.1331852,0.0007932991377783694,19328815.37847401,0.0003654840400337811,108.5289221288459,0.00044324669855577703,0.015890154355195696,21017783.665107016,20962799.046807565,54984.618299455185,272485.4617081854,0.14201183431952663,-0.01906063286483585,3489230.085083044,0.0013079200353030378,1056,128,337,1521,26
60,5,12,1041,1025,21016775.93984245,252201311.27810943,0.0019486813081674992,19336661.46611662,0.00040592697943342415,108.73015004594058,0.0018541409344854376,0.017431111600839877,21027099.728327535,20988272.7797084,38826.94861913397,294222.05526680104,0.11787315823190263,-0.019765407207122467,3480837.036390437,0.0012419325292144171,1096,128,337,1561,40
61,6,1,1051,1036,21116361.685326084,253396340.223913,0.004738393070786939,19401995.61238557,0.003378770755408711,108.9046503233024,0.0016048931900498609,0.017728179298804658,21268450.88216655,21114051.387975156,154399.49419138674,289578.48206266237,0.5091137649277184,-0.015524511332136233,3508838.8601648547,0.0017615704213633408,1118,136,337,1591,30
62,6,2,1051,1036,21181988.092664238,254183857.11197084,0.0031078463381197796,19429657.90997657,0.0014257449668395594,109.09220651034224,0.0017222054933654363,0.017415565948904144,21302584.47415024,21155601.864722215,146982.60942802468,308805.16322223283,0.40244648318042814,-0.01523917292543569,3498404.8184020137,0.0017211171652667283,1162,136,337,1635,44
63,6,3,1051,1036,21233977.366364006,254807728.3963681,0.0024544095423117973,19451721.37136779,0.0011355558339443128,109.23954859776205,0.0013506197384123286,0.017018089805659775,21339271.902154498,21211773.85706421,127498.04509029287,323531.4922733409,0.33733493397358943,-0.01538104748890458,3513417.0799327493,0.0016319407105958332,1193,136,337,1666,31
64,6,4,1051,1036,21269016.074029356,255228192.88835227,0.0016501245650215601,19470551.118717927,0.0009680247311096846,109.31903191676042,0.0007276057070781938,0.016322198575224878,21368093.143988904,21260797.734405946,107295.409582954,324696.30556248943,0.3023391812865497,-0.015744169799899663,3535059.45775862,0.0016675043970919936,1237,136,337,1710,44
65,6,5,1051,1036,21311376.636539817,255736519.6384778,0.001991655954512339,19487940.95997722,0.0008931355436865296,109.43633376325992,0.0010730230998461376,0.015580034624303352,21383640.690509845,21302919.316655368,80721.37385447821,325780.55957699503,0.25014376078205863,-0.016572663147919692,3543694.1032681316,0.0015755804594923574,1266,136,337,1739,29
66,6,6,1051,1036,21359284.58678724,256311415.04144686,0.0022479988535926143,19500141.018854402,0.0006260311903774074,109.61408431816719,0.0016242371138983636,0.015120600623677705,21406585.83092957,21348416.172987156,58169.65794241594,328774.5822287996,0.21043771043771045,-0.01776438354841995,3550503.080575872,0.0015523626285590148,1309,136,337,1782,43
67,6,7,1051,1036,21398163.681350958,256777964.17621148,0.0018202432954037562,19507723.44107747,0.00038883935330202846,109.77221429961736,0.0014426064171753072,0.01547206151164171,21441355.202118017,21390213.388530575,51141.813587442404,328781.4591566556,0.19613259668508287,-0.017915256738015056,3560652.5726866117,0.0014550026079635605,1337,136,337,1810,28
68,6,8,1051,1036,21433447.813100524,257201373.7572063,0.0016489326969826301,19514757.573040094,0.0003605818989524945,109.90548332771579,0.0012140506497817505,0.01606057691912688,21472286.638725527,21422362.437502157,49924.20122337258,332559.9910899976,0.18339663591969615,-0.018002639627048372,3564265.438679224,0.0014398314705375125,1370,136,337,1843,33
69,6,9,1051,1036,21446992.717390593,257363912.6086871,0.0006319517236881289,19521263.641423527,0.0003333922217112484,109.98769422785624,0.0007480145453282461,0.014903195878018138,21498355.08227157,21445696.690986026,52658.39128554709,326078.91212123376,0.18673740053050397,-0.018568964900323066,3576083.4865532774,0.0013660454127459936,1412,136,337,1885,42
70,6,10,1051,1036,21477298.019284036,257727576.23140842,0.001413032693803773,19531047.582997832,0.0005011940699137796,110.09479805004642,0.0009737800482325643,0.014877832058881157,21514436.164573736,21471988.020261485,42448.14431225157,324385.7178699962,0.1625974025974026,-0.018864248159580634,3577998.422029036,0.0013405591002609639,1452,136,337,1925,40
71,6,11,1051,1036,21488866.089489464,257866393.07387358,0.0005386185075535455,19538133.56097637,0.000362805832530233,110.10870809277813,0.00012634604884231848,0.014556359106346672,21535386.493259773,21490588.11586462,44798.37739515591,315616.17813637847,0.1546707503828484,-0.019016179666443287,3587781.5554970056,0.0013425047138578609,1486,136,337,1959,34
72,6,12,1051,1036,21533250.402948517,258399004.83538222,0.00206545628206789,19546999.42804517,0.0004537724671156429,110.29761568722212,0.0017156462709999598,0.014416108509178516,21538107.404253487,21517773.04116588,20334.36308760065,324646.33609593275,0.135567783891946,-0.020673512600751457,3578685.777683019,0.0013065610522018881,1526,136,337,1999,40
73,7,1,1062,1048,21595384.335465107,259144612.0255813,0.0028854878550097496,19577611.131407615,0.0015660563901447322,110.43767388807679,0.0012698207480008605,0.014076750260189286,21800868.55084316,21649695.687052865,151172.86379029587,264912.0470953959,0.5253071253071253,-0.016015732850012957,3638928.7675304785,0.001681040714007847,1554,143,338,2035,36
74,7,2,1062,1048,21678331.866092898,260139982.39311478,0.0038409842278921413,19617846.356554408,0.002055165202573983,110.63710544010503,0.0018058289803384309,0.014161405101072333,21828551.74605346,21689787.970665667,138763.77538779267,247722.0026273016,0.4093765103914935,-0.015592428155613411,3613954.8624722906,0.0018184917779694733,1588,143,338,2069,34
75,7,3,1062,1048,21753145.187693972,261037742.25232768,0.0034510645036340826,19647247.168131348,0.001498676819186917,110.84819309040368,0.0019079281716469776,0.01472584346320338,21867970.3773953,21744946.740148637,123023.63724666118,250377.93867767992,0.3511450381679389,-0.015903025813122213,3609856.950359039,0.0018124424541077694,1615,143,338,2096,27
76,7,4,1062,1048,21802574.288401432,261630891.4608172,0.0022722737462086418,19669619.167342965,0.001138683654771988,110.98168596969703,0.0012042855690437282,0.015209191151661638,21909692.894135073,21799221.330401856,110471.56373321536,248204.82826993265,0.323751178133836,-0.015796473943496838,3625089.992221889,0.0017363345148078912,1641,143,338,2122,26
77,7,5,1062,1048,21849931.395545967,262199176.7465516,0.0021720878699047486,19690003.470549785,0.0010363344116324225,111.1125748828472,0.0011793739841536865,0.015317043818494858,21936078.421109658,21847069.07164836,89009.34946129617,245662.99758023658,0.2813075506445672,-0.01594438102646638,3635477.9995931126,0.0016691344147735593,1691,143,338,2172,50
78,7,6,1062,1048,21872967.103859376,262475605.2463125,0.0010542691368864432,19706426.80766748,0.0008340951865375423,111.16044877758617,0.0004308593765327551,0.014107351888562825,21961949.261313878,21856463.41817247,105485.8431414004,257081.75496366288,0.29132791327913277,-0.015612380989961275,3626939.9872608753,0.001729767879878594,1733,143,338,2214,42
79,7,7,1062,1048,21915567.001048177,262986804.01257813,0.0019476048670727941,19724563.385291774,0.000920338212569316,111.27149250571887,0.0009989499804456958,0.013658084750019839,21971411.77308005,21899993.317199323,71418.4558807256,267470.20963445946,0.24053452115812918,-0.016084477415245338,3636895.679076268,0.0015681311884811497,1764,143,338,2245,31
80,7,8,1062,1048,21949731.963931754,263396783.56718105,0.0015589358414473953,19736173.53743262,0.0005886138980142341,111.37788373962042,0.0009561409800995513,0.013396969535307335,21993360.114441127,21934575.896697182,58784.21774394454,277494.91004991543,0.20946538124452235,-0.016521790493356333,3644234.657970763,0.0016175511814389629,1801,143,338,2282,37
81,7,9,1062,1048,21984275.367669187,263811304.41203025,0.0015737505949591224,19745473.127451565,0.00047119518894112034,111.49332019098037,0.0010364396187472202,0.01368904015757444,22014388.867336627,21952781.116401106,61607.750935522716,304130.02713534783,0.21434707903780068,-0.016362326654428955,3634750.5484602116,0.0016090997197788623,1847,143,338,2328,46
82,7,10,1062,1048,22005584.50714789,264067014.08577466,0.0009692900549289618,19753493.366169803,0.0004061811366316004,111.57609377809136,0.0007424084866178848,0.013454729508396657,22037205.452141244,21982425.46741443,54779.984726819355,322094.5264867558,0.19554247266610597,-0.015566936986999633,3647102.3065643217,0.0015114001282181813,1897,143,338,2378,50
83,7,11,1062,1048,22041908.54948944,264502902.59387326,0.0016506738246262476,19761396.03813861,0.0004000645264266023,111.73734327358193,0.001445197533185505,0.014791156930399119,22053566.060490254,22015634.392752,37931.66773825559,342733.90062469826,0.1711451012815213,-0.01592544164455751,3650465.125256248,0.0013410921363658972,1938,143,338,2419,41
84,7,12,1062,1048,22062907.497043215,264754889.96451858,0.0009526828181247726,19765027.953321945,0.00018378839107957567,111.81784080352173,0.0007204174323593993,0.013782937254152472,22085437.819758818,22043347.25430741,42090.56545141007,356340.9289722138,0.16828872668288727,-0.016074213160299687,3661156.718965858,0.0014623659923142843,1985,143,338,2466,47
85,8,1,1072,1059,22257632.970797133,267091595.64956558,0.008825920780387353,19918588.732887458,0.0077693176011777165,111.92146892259827,0.0009267583628145282,0.013435587533519033,22309459.180852517,22159402.892495964,150056.28835655365,448037.40717524826,0.5594766058683585,-0.012024471820402628,3609638.738067918,0.0019373747370705166,2036,147,339,2522,56
86,8,2,1072,1059,22276464.513394374,267317574.1607325,0.0008460712161957318,19932762.021819383,0.0007115609003223167,111.9482718913664,0.00023948013751207142,0.011851055267992239,22330134.65871824,22195389.694418594,134744.96429964187,522117.80530552566,0.44870305845915603,-0.011613184886674323,3631186.4997805543,0.0018082024308027915,2097,147,339,2583,61
87,8,3,1072,1059,22303526.37166309,267642316.45995706,0.001214818368168169,19945845.49223198,0.0006563802045234102,112.01811174088104,0.0006238582189317388,0.010554241957946964,22335482.282436978,22237693.4758353,97788.80660167718,580490.5633512307,0.34234577303884234,-0.012560804366463885,3652161.4710993627,0.0018243629109754896,2140,147,339,2626,43
88,8,4,1072,1059,22327149.179481342,267925790.1537761,0.0010591512492061916,19953106.5412681,0.0003640381671936588,112.0955723005361,0.0006915003158975974,0.01003666795207292,22349416.456632674,22272271.828914862,77144.62771781319,628517.3062577588,0.28790141896938015,-0.013446985851786789,3667816.470247537,0.0016505643368535186,2192,147,339,2678,52
89,8,5,1072,1059,22323914.98590872,267886979.83090466,-0.00014485474820913335,19958133.031531475,0.00025191517185452206,112.05411857653557,-0.0003698069705143636,0.008473781610057296,22364871.085172568,22300098.455469653,64772.62970291378,642182.7508668227,0.258348623853211,-0.013844824224007722,3698804.318562637,0.0016235938204825543,2239,147,339,2725,47
90,8,6,1072,1059,22331071.573571656,267972858.8828599,0.00032057941751939545,19965685.736678794,0.00037842743784621824,112.0513219738922,-2.495760690368609e-05,0.008014300104963734,22356600.39995062,22315888.11541921,40712.28453140799,649066.3206488718,0.19661505221462008,-0.015223936887717072,3709346.7462934405,0.0015818398150198457,2291,147,339,2777,52
91,8,7,1072,1059,22324346.729939193,267892160.7592703,-0.00030114289904570324,19970277.101092648,0.0002299627708464147,112.02394732778825,-0.0002443045349374007,0.006762332427874274,22356042.432706133,22324859.61282613,31182.819879999748,639409.4153927749,0.1691874780161801,-0.01596478749544985,3723803.704189393,0.0013919849372047682,2357,147,339,2843,66
92,8,8,1072,1059,22337501.73493641,268050020.8192369,0.0005892671869127675,19975758.888823364,0.00027449732935425075,112.05889708433936,0.00031198469063808965,0.006114439616315748,22350580.750156567,22331913.971841924,18666.778314637435,637758.2890792086,0.14507772020725387,-0.01710626685103962,3720471.451654012,0.0013682446518066653,2409,147,339,2895,52
93,8,9,1072,1059,22334576.01685433,268014912.20225197,-0.00013097785584059718,19977891.37367774,0.00010675363405443505,112.03196691037863,-0.00024032160463316465,0.004831201712134803,22357553.78917749,22338859.51703252,18694.2721449683,625048.5558309869,0.13710777626193724,-0.0181106169704867,3730081.2558378954,0.0012671570519239691,2446,147,339,2932,37
94,8,10,1072,1059,22350052.998947803,268200635.98737365,0.000692960640121143,19981677.45022892,0.00018951332151928568,112.09370166546422,0.000551045891526547,0.004639057255421575,22352180.78597519,22341084.137358837,11096.64861635802,627815.7225624837,0.1237491661107405,-0.019480340591989217,3719704.7174161277,0.0011544361848976532,2512,147,339,2998,66
95,8,11,1072,1059,22329838.130023405,267958057.56028086,-0.0009044662634737355,19981492.77350843,-9.24230315246799e-06,112.11897313584561,0.00022544951238034905,0.0034154191524786714,22364497.863363963,22347744.9772283,16752.886135664852,600504.043521361,0.12122207621550592,-0.02023967550083328,3740865.930993976,0.0010313483830983628,2558,147,339,3044,46
96,8,12,1072,1059,22332202.440923482,267986429.2910818,0.00010588123775501224,19986373.83778595,0.00024427926045622605,112.1485436066701,0.0002637418984265949,0.0029575137632058546,22369539.928501893,22348897.47994135,20642.448560538858,577243.2415041364,0.1165644171779141,-0.02088600320021989,3739721.0344743486,0.0009626152756355413,2611,147,339,3097,53
97,9,1,1083,1073,22364984.733704183,268379816.8044502,0.0014679381877995556,20015028.203538474,0.0014336950757094513,112.15254224818266,3.565486794521178e-05,0.002064602330623444,22605038.44183229,22490574.191772677,114464.25005961694,445643.2386819845,0.4138915318744053,-0.016795545408004514,3829634.635738556,0.0014791090139305687,2659,154,340,3153,56
98,9,2,1083,1073,22432669.61318958,269192035.358275,0.0030263771825158603,20058346.80119889,0.002164303603267248,112.24851942236475,0.0008557735050687132,0.0026820202395771986,22605844.421492834,22500834.208023816,105010.21346902073,371974.6150585956,0.29801118707271596,-0.016470568799449227,3787980.605948903,0.001473389689868593,2724,154,340,3218,65
99,9,3,1083,1073,22497583.53276454,269971002.39317447,0.002893722445624247,20088877.14310687,0.0015220766801258279,112.38473537479395,0.0012135211504809007,0.0032728960363210824,22625189.904208455,22537681.05027635,87508.85393210319,326996.27128408686,0.22990255785627284,-0.01639249935515592,3774211.1993674273,0.00146117989499271,2790,154,340,3284,66
100,9,4,1083,1073,22545516.334312424,270546196.0117491,0.002130575556173797,20111637.220432367,0.001132969113373683,112.5031609440254,0.001053751373231604,0.0036360815607998642,22652646.050690856,22570893.490896735,81752.55979411918,296582.6939375241,0.21635332736496568,-0.016152842857996952,3769714.0183708305,0.0014989632690470029,2857,154,340,3351,67
101,9,5,1083,1073,22574540.489929337,270894485.87915206,0.001287358212894052,20130271.565153934,0.0009265453884894637,112.54687671012266,0.0003885736696680464,0.0043975013131758445,22676516.3075741,22599352.35538029,77163.95219381365,266466.80756326485,0.19231896804456172,-0.016059754888852036,3775863.5113341426,0.00152150287032503,2917,154,340,3411,60
102,9,6,1083,1073,22619131.6327893,271429579.5934716,0.0019752846300395976,20148148.2297225,0.0008880488527294172,112.67998450973762,0.0011826876365286232,0.00561048745138315,22685327.80473102,22629487.33300937,55840.471721649184,250828.16796813637,0.15614236509758897,-0.016714902485378543,3770488.0463634687,0.0014441054233765315,2990,154,340,3484,73
103,9,7,1083,1073,22670341.337969434,272044096.0556332,0.00226399960933521,20159571.760118973,0.0005669766901763573,112.86385257641489,0.0016317722040632976,0.007497550913547313,22712157.461456276,22668749.63260307,43407.82885319853,247282.91446942504,0.15160022459292533,-0.017398301983507246,3768388.298716976,0.0013416756923045653,3068,154,340,3562,78
104,9,8,1083,1073,22733299.231873434,272799590.7824812,0.0027771039247015405,20166929.176138032,0.0003649589439005396,113.08312129843863,0.001942771906313201,0.00914005260401951,22749218.528696183,22701584.516414173,47634.01228200857,273898.5411257577,0.1450905101481075,-0.01807284306687359,3750499.179736318,0.0012670305671830663,3152,154,340,3646,84
105,9,9,1083,1073,22751816.767640617,273021801.2116874,0.0008145555811458483,20170063.889172148,0.00015543829240116658,113.17352284595141,0.0007994256479195716,0.010189555419356289,22793415.071344316,22722660.40873886,70754.6626054561,297877.6055573185,0.14785887422569352,-0.018499669612364066,3756170.415396795,0.0012715745315906141,3219,154,340,3713,67
106,9,10,1083,1073,22785582.02939353,273426984.3527224,0.001484068815152284,20177683.820975382,0.0003777842174970125,113.31423940657209,0.0012433699780840524,0.010888548803129616,22811636.71195603,22751422.442768347,60214.269187677695,327080.26797454845,0.1393572181243414,-0.019441966906768023,3757295.247428556,0.001283707781546851,3302,154,340,3796,83
107,9,11,1083,1073,22808221.442555837,273698657.31067,0.0009935850281594938,20182957.560461957,0.0002613649581075794,113.40160348351212,0.0007709893954861435,0.011439904520998967,22840000.016194634,22775463.902899753,64536.11329488182,354072.9093400711,0.1410488245931284,-0.020243473984705912,3762937.0025735297,0.0012134136696321015,3377,154,340,3871,75
108,9,12,1083,1073,22836772.856334347,274041274.2760122,0.001251803602942747,20189936.779683504,0.0003457976463874246,113.51975123545772,0.0010418525692432734,0.012226709190239271,22857609.41400002,22803425.421199586,54183.99280043655,381836.2640670088,0.13307984790874525,-0.02130881162268788,3767544.645508539,0.0012063165251602127,3451,154,340,3945,74
109,10,1,1094,1082,22873582.292976134,274482987.5157136,0.0016118493130947709,20201672.92609694,0.0005812869322723291,113.65465008579194,0.0011883293335837042,0.013393435471888537,23113829.638380114,22918266.540765855,195563.09761426173,331122.1824325359,0.5253731343283582,-0.01739543624356318,3834742.8041321505,0.0017795530067224441,3518,162,340,4020,75
110,10,2,1094,1082,22967548.455877226,275610581.4705267,0.004108065002566219,20246213.789005633,0.0022048106150236446,113.88301923788818,0.002009325196319356,0.014561437637971686,23141296.48015086,22977525.633095708,163770.8470551498,314886.12963757664,0.4227860453769212,-0.017472252963492748,3820112.0816908753,0.0018039088176920889,3597,162,340,4099,79
111,10,3,1094,1082,23031802.471887585,276381629.662651,0.002797600106680731,20277923.791898172,0.0015662189100145163,114.04736245632921,0.0014430879997811008,0.014794065012392776,23187794.870243922,23044169.687599383,143625.18264453806,295641.86542684195,0.38656466650729143,-0.01718232294229086,3836075.6885311385,0.0017551015267117617,3681,162,340,4183,84
112,10,4,1094,1082,23097984.85083207,277175818.20998484,0.0028735214721151703,20306463.43856286,0.001407424495602827,114.22082403833085,0.0015209609259316803,0.015267687413334619,23221256.89876255,23105848.265692953,115408.63306959692,281029.27799264365,0.3143529411764706,-0.017806955687063027,3845473.73126401,0.0016551003107147808,3748,162,340,4250,67
113,10,5,1094,1082,23176883.392731767,278122600.7127812,0.0034158192764099926,20330041.97537353,0.0011611345757969183,114.49872369748715,0.002433003451831617,0.01734252468321884,23256575.52315659,23168591.279144157,87984.24401243884,282809.2159740681,0.2591484464902186,-0.018258355206601365,3844547.660598124,0.0016469238607342118,3843,162,340,4345,95
114,10,6,1094,1082,23233481.992398173,278801783.9087781,0.0024420280633656866,20346261.658929188,0.0007978184981274339,114.7121624544053,0.0018641147256983626,0.0180349505150319,23313158.85168221,23227741.536984786,85417.3146974245,282185.46745920257,0.25659526493799323,-0.018776755970911465,3857758.208103051,0.0015673954156701793,3933,162,340,4435,90
115,10,7,1094,1082,23283949.482010778,279407393.7841293,0.002172187949663229,20363861.173520315,0.0008649999142915643,114.86682617726527,0.0013482765868129132,0.017746812244374466,23356617.254400183,23256906.43312125,99710.82127893191,302696.40346407884,0.2883002207505519,-0.018565490351917194,3846633.47351943,0.001597076367670103,4028,162,340,4530,95
116,10,8,1094,1082,23334002.28202578,280008027.38430935,0.0021496696706748697,20383951.52399172,0.0009865688191552646,115.0359333076874,0.0014722016447217268,0.01726881949159398,23388108.43459144,23298872.84748487,89235.58710657244,331156.7907635294,0.24750758560901603,-0.019365151231164453,3848344.4281866243,0.0016004331123294015,4112,162,340,4614,84
117,10,9,1094,1082,23372212.82853076,280466553.9423691,0.0016375479029764328,20399830.69463242,0.0007790035519859018,115.12677674375118,0.0007896961710285311,0.017258929904112597,23422540.44629577,23335185.79204591,87354.65424986207,360627.6386138621,0.23801442511667373,-0.01994441164891202,3854648.885171104,0.0015955761802431342,4212,162,340,4714,100
118,10,10,1094,1082,23413070.905163184,280956850.8619582,0.0017481475516323286,20415003.17181935,0.0007437550543458737,115.2811055576858,0.0013405118974028074,0.017357625673650734,23441037.136801977,23375868.206404686,65168.930397294316,389438.3852896601,0.18444583073404033,-0.020401680869168347,3862163.084032643,0.0015202614178496912,4307,162,340,4809,95
119,10,11,1094,1082,23449031.350828584,281388376.209943,0.0015359132431223,20424866.62900643,0.00048314747267319547,115.42751973033614,0.0012700621835819437,0.01786497002327292,23472460.125971317,23411338.74465531,61121.381316008745,416975.3603562474,0.17164937970307098,-0.020786725371713013,3868241.2848324417,0.001405580451652054,4415,162,340,4917,108
120,10,12,1094,1082,23464233.300734892,281570799.6088187,0.0006482975641453059,20433217.48242792,0.0004088571824323317,115.47283418980791,0.00039257933963776637,0.017204785361969233,23502271.609932948,23439914.0865125,62357.52342044756,430392.9204298092,0.16696660667866425,-0.02108152074374636,3884704.5430398867,0.0014164894560898882,4499,162,340,5001,84
