Period_Month,Year,Month_in_Year,Event,Parent_Product_ID,Parent_Product,New_Product_ID,New_Product,Division,Category,Unit,Parent_Price,Launch_Price,Price_Multiplier,Demand_Share_Transferred,Output_Share_Transferred,Launch_Production,Elasticity_Abs,Initial_Firms,Generation
1,1,1,Product Launch,P0002,Buckwheat Groats,N000001,Buckwheat Groats_M01_Y01_0001_G1,01,Cereals,1 lb,3.49,3.951472151381568,1.1322269774732285,0.1,0.1,155.9,0.7641524197242525,1,1
1,1,1,Product Launch,P0018,White Sliced Bread,N000002,White Sliced Bread_M01_Y01_0002_G1,01,Bread and bakery products,20 oz,2.49,2.17430395337181,0.8732144391051445,0.1,0.1,24.3,0.7222683584506984,1,1
1,1,1,Product Launch,P0045,Smoked Bacon,N000003,Smoked Bacon_M01_Y01_0003_G1,01,"Meat, dried/salted",16 oz,7.99,8.679843145435598,1.0863383160745428,0.1,0.1,10.3,0.27926662710376876,1,1
1,1,1,Product Launch,P0050,Chicken Nuggets (Frozen),N000004,Chicken Nuggets (Frozen)_M01_Y01_0004_G1,01,Meat preparations,32 oz,8.49,7.285536195380639,0.8581314717762826,0.1,0.1,115.30000000000001,0.4782941588243751,1,1
1,1,1,Product Launch,P0163,Apple Juice,N000005,Apple Juice_M01_Y01_0005_G1,01,Juices,64 oz,3.29,3.469781995421823,1.0546449834108884,0.1,0.1,81.9,0.9537808288910972,1,1
1,1,1,Product Launch,P0181,Custom Animal Slaughtering,N000006,Custom Animal Slaughtering_M01_Y01_0006_G1,01,Processing Services,per head (small),50.0,48.139472130338724,0.9627894426067745,0.1,0.1,106.80000000000001,0.9027967899679228,1,1
1,1,1,Product Launch,P0269,Stride Rite First Walkers,N000007,Stride Rite First Walkers_M01_Y01_0007_G1,03,Infant Footwear,Pair,55.0,54.60282176356462,0.9927785775193567,0.1,0.1,33.6,0.8469904540415047,1,1
1,1,1,Product Launch,P0305,"Bookshelf (5-Shelf, Oak)",N000008,"Bookshelf (5-Shelf, Oak)_M01_Y01_0008_G1",05,Furniture,Each,129.0,113.86973093287578,0.882711092502913,0.1,0.1,12.8,1.0,1,1
1,1,1,Product Launch,P0319,Blackout Curtains (Pair),N000009,Blackout Curtains (Pair)_M01_Y01_0009_G1,05,Other Textiles,Pair,45.0,40.38302144659964,0.8974004765911032,0.1,0.1,53.300000000000004,0.5171286154903044,1,1
1,1,1,Product Launch,P0420,Noise Cancelling Wireless Headphones,N000010,Noise Cancelling Wireless Headphones_M01_Y01_0010_G1,09,AV Equipment,Each,349.0,358.68675767130185,1.0277557526398333,0.1,0.1,16.5,0.626823609753409,1,1
1,1,1,Product Launch,P0436,Live Concert Ticket (Average),N000011,Live Concert Ticket (Average)_M01_Y01_0011_G1,09,Cultural Services,Ticket,120.0,103.18773463680694,0.8598977886400578,0.1,0.1,7.5,0.6297256184772554,1,1
2,1,2,Product Launch,P0029,Spaghetti,N000012,Spaghetti_M02_Y01_0012_G1,01,Pasta products,1 lb,1.500794092775504,1.476733216401844,0.9839679030657945,0.1,0.1,149.90000000350298,0.09973172285528412,1,1
2,1,2,Product Launch,P0058,Smoked Salmon (Lox),N000013,Smoked Salmon (Lox)_M02_Y01_0013_G1,01,"Fish, dried/salted",4 oz,9.996677242257755,11.486476970474,1.149029491711365,0.1,0.1,18.20000000042531,1.0,1,1
2,1,2,Product Launch,P0087,Liquid Egg Whites,N000014,Liquid Egg Whites_M02_Y01_0014_G1,01,Eggs,16 oz,4.280282680154962,3.748576192741443,0.8757777167665316,0.1,0.1,17.500000000408953,0.6868568833587563,1,1
2,1,2,Product Launch,P0090,Canola Oil,N000015,Canola Oil_M02_Y01_0015_G1,01,Vegetable oils,48 oz,5.494054221033441,5.4774451418380075,0.9969768992938135,0.1,0.1,123.30000000288135,0.5809615877138435,1,1
2,1,2,Product Launch,P0110,Red Seedless Grapes,N000016,Red Seedless Grapes_M02_Y01_0016_G1,01,Other fruits,1 lb,2.481869548140987,2.7530825315956124,1.1092776949770684,0.1,0.1,127.5000000029795,0.6075415198859236,1,1
2,1,2,Product Launch,P0201,Veuve Clicquot Brut Champagne,N000017,Veuve Clicquot Brut Champagne_M02_Y01_0017_G1,02,Wine from Grapes,750ml,65.38435051829362,63.73893236432021,0.97483467923241,0.1,0.1,13.00000000026409,0.6142478506595044,1,1
2,1,2,Product Launch,P0313,"Wall Mirror (Large, Framed)",N000018,"Wall Mirror (Large, Framed)_M02_Y01_0018_G1",05,Furnishings,Each,88.73887244050904,76.18166186644021,0.858492561053362,0.1,0.1,5.299999999983978,0.14217425956180835,1,1
3,1,3,Product Launch,P0055,Frozen Cod Fillets,N000019,Frozen Cod Fillets_M03_Y01_0019_G1,01,"Fish, fresh/frozen",1 lb,9.009329687103738,8.63076676941497,0.9579810118137139,0.1,0.1,63.881299819398706,0.04240808766672278,1,1
3,1,3,Product Launch,P0064,Live Blue Mussels,N000020,Live Blue Mussels_M03_Y01_0020_G1,01,Other seafood,2 lb,7.034454940527478,6.149578003475391,0.8742081732652714,0.1,0.1,126.68274692442964,0.5221812828306074,1,1
3,1,3,Product Launch,P0100,Mango,N000021,Mango_M03_Y01_0021_G1,01,Tropical fruits,Each,1.2617425094598274,1.3162934854991015,1.0432346343491496,0.1,0.1,39.59243542856937,0.07603991800788276,1,1
3,1,3,Product Launch,P0102,Lemons,N000022,Lemons_M03_Y01_0022_G1,01,Citrus fruits,Each,0.7971723967736901,0.7233565399743211,0.9074028941567521,0.1,0.1,54.88170164463275,0.14568306368902056,1,1
3,1,3,Product Launch,P0360,Tussin Cough Syrup,N000023,Tussin Cough Syrup_M03_Y01_0023_G1,06,Other Medical Products,8 oz,8.034396386164344,9.051837830901185,1.126635704268827,0.1,0.1,95.06059082810336,0.9464513366951104,1,1
3,1,3,Product Launch,P0366,Aluminum Crutches,N000024,Aluminum Crutches_M03_Y01_0024_G1,06,Other Equipment,Pair,35.473078222505386,37.03694490575821,1.044086015694591,0.1,0.1,39.05041070444971,0.9783222106840617,1,1
3,1,3,Product Launch,P0399,Samsung Galaxy S24,N000025,Samsung Galaxy S24_M03_Y01_0025_G1,08,Mobile Telephone Equipment,Each,803.3982159241217,833.9089717238245,1.0379771266539437,0.1,0.1,6.396975019197815,0.7070336870030439,1,1
3,1,3,Product Launch,P0441,"All-Inclusive Resort Stay (7 Days, Per Person)",N000026,"All-Inclusive Resort Stay (7 Days, Per Person)_M03_Y01_0026_G1",09,Package Holidays,Trip,1859.912531615674,1931.1034009278783,1.0382764609098913,0.1,0.1,16.29611565273075,0.36356724294442433,1,1
3,1,3,Product Launch,N000009,Blackout Curtains (Pair)_M01_Y01_0009_G1,N000027,Blackout Curtains (Pair)_M03_Y01_0027_G2,05,Other Textiles,Pair,40.97270087801013,41.72682352068969,1.0184054901561126,0.1,0.1,5.469324050938324,0.5724811611072432,1,2
3,1,3,Product Launch,N000015,Canola Oil_M02_Y01_0015_G1,N000028,Canola Oil_M03_Y01_0028_G2,01,Vegetable oils,48 oz,5.477003646981515,6.162871514804914,1.1252268415416145,0.1,0.1,12.332510212805403,0.5874226152480465,1,2
4,1,4,Product Launch,P0031,Panko Breadcrumbs,N000029,Panko Breadcrumbs_M04_Y01_0029_G1,01,Other milled cereal,8 oz,2.510882460977918,2.6747876708693075,1.0652779301455444,0.1,0.1,86.60134386034451,0.10043793904197604,1,1
4,1,4,Product Launch,P0043,Honey Ham Slices,N000030,Honey Ham Slices_M04_Y01_0030_G1,01,"Meat, dried/salted",8 oz,5.505388256780383,5.0133300003720205,0.9106224241673877,0.1,0.1,106.79168466553588,0.1883096658208587,1,1
4,1,4,Product Launch,P0145,Unsweetened Cocoa Powder,N000031,Unsweetened Cocoa Powder_M04_Y01_0031_G1,01,Chocolate/Cocoa,8 oz,4.500254713015013,4.863072425275464,1.080621594864655,0.1,0.1,183.98983219487255,0.4974022378023031,1,1
4,1,4,Product Launch,P0219,Arturo Fuente Hemingway,N000032,Arturo Fuente Hemingway_M04_Y01_0032_G1,02,Cigars,Each,12.534194012345374,13.300346518836223,1.0611249918212722,0.1,0.1,17.594836143005075,0.5033381689650195,1,1
4,1,4,Product Launch,P0228,Denim Upholstery/Clothing,N000033,Denim Upholstery/Clothing_M04_Y01_0033_G1,03,Materials,per Yard,12.603775404961976,13.94567705922458,1.1064682296492139,0.1,0.1,57.42532475161018,0.6613675806709397,1,1
4,1,4,Product Launch,P0258,Adidas Stan Smith,N000034,Adidas Stan Smith_M04_Y01_0034_G1,03,Footwear,Pair,100.78017604540527,115.28487097007097,1.143924087988602,0.1,0.1,4.198241689491935,0.48430435915401815,1,1
4,1,4,Product Launch,P0277,Bag of Concrete Mix,N000035,Bag of Concrete Mix_M04_Y01_0035_G1,04,Maintenance Materials,80 lb,6.468481545560524,5.5416538247443725,0.8567163384036776,0.1,0.1,23.80114984901198,0.08962575876942752,1,1
4,1,4,Product Launch,P0296,Homeowners Association (HOA) Fee,N000036,Homeowners Association (HOA) Fee_M04_Y01_0036_G1,04,Other Housing Services,Month,253.8186854959417,235.09928975355757,0.9262489453611032,0.1,0.1,8.900421576508553,0.08865153522019234,1,1
4,1,4,Product Launch,P0377,Electric Vehicle (Mid-range Sedan),N000037,Electric Vehicle (Mid-range Sedan)_M04_Y01_0037_G1,07,Motor Cars,Each,41920.918634064605,37828.60442777057,0.9023801400437669,0.1,0.1,2.501521146585414,0.7378766298110437,1,1
4,1,4,Product Launch,P0390,Monthly Parking Pass (Downtown),N000038,Monthly Parking Pass (Downtown)_M04_Y01_0038_G1,07,Other Services,Month,222.01012126779318,189.25627808816228,0.8524668920831652,0.1,0.1,5.393924867490493,0.6025680397293239,1,1
4,1,4,Product Launch,P0412,Spotify Premium (Individual),N000039,Spotify Premium (Individual)_M04_Y01_0039_G1,08,Content Delivery Services,Month,11.078563044997795,12.277702185389442,1.1082395916799954,0.1,0.1,27.18589050466298,0.3578863701306234,1,1
4,1,4,Product Launch,P0440,"Notebook (A5, 160 pages)",N000040,"Notebook (A5, 160 pages)_M04_Y01_0040_G1",09,Stationery,Each,15.105520440905877,16.078952892645223,1.0644421657332164,0.1,0.1,45.492841874524295,0.09719756236118136,1,1
4,1,4,Product Launch,P0441,"All-Inclusive Resort Stay (7 Days, Per Person)",N000041,"All-Inclusive Resort Stay (7 Days, Per Person)_M04_Y01_0041_G1",09,Package Holidays,Trip,1862.5972827138246,1847.908354147115,0.9921137388618394,0.1,0.1,14.664919315070732,0.4573970594205267,1,1
4,1,4,Product Launch,P0455,Mid-range Dinner for Two (App+2Main+Drink),N000042,Mid-range Dinner for Two (App+2Main+Drink)_M04_Y01_0042_G1,11,Restaurants,Total,85.31153484973794,97.4777538973637,1.1426093091520921,0.1,0.1,71.59894903826151,0.41951211978753644,1,1
4,1,4,Product Launch,P0459,Cocktail (Standard),N000043,Cocktail (Standard)_M04_Y01_0043_G1,11,Cafes/Bars,Each,15.147821351484867,15.983649761038606,1.0551781269503688,0.1,0.1,159.12715524874892,0.6247630402483888,1,1
4,1,4,Product Launch,N000024,Aluminum Crutches_M03_Y01_0024_G1,N000044,Aluminum Crutches_M04_Y01_0044_G2,06,Other Equipment,Pair,37.03901363683836,31.865965536765167,0.8603351549586576,0.1,0.1,3.87917451217948,0.9690207966059478,1,2
5,1,5,Product Launch,P0007,All-Purpose Wheat Flour,N000045,All-Purpose Wheat Flour_M05_Y01_0045_G1,01,Flour of cereals,5 lb,5.054890168033686,5.5966238792824194,1.1071702239298038,0.1,0.1,14.431042671965281,0.8934710449689764,1,1
5,1,5,Product Launch,P0027,Fusilli,N000046,Fusilli_M05_Y01_0046_G1,01,Pasta products,1 lb,1.495548944065676,1.5367110622685654,1.0275230833241669,0.1,0.1,110.6004445457084,0.18744462372348275,1,1
5,1,5,Product Launch,P0172,Distilled Water,N000047,Distilled Water_M05_Y01_0047_G1,01,Water,1 Gallon,1.3029021240162613,1.2923601932635578,0.9919088851277582,0.1,0.1,22.44572232865627,0.6516106493728172,1,1
5,1,5,Product Launch,P0206,Corona Extra,N000048,Corona Extra_M05_Y01_0048_G1,02,Beer,12pk Bottles,19.130704069755616,17.83746384276808,0.9323997578828234,0.1,0.1,8.996054547234152,0.34670440047956946,1,1
5,1,5,Product Launch,P0380,Sport Motorcycle (600cc),N000049,Sport Motorcycle (600cc)_M05_Y01_0049_G1,07,Motorcycles,Each,9552.035103888711,8575.040158745243,0.8977186605244232,0.1,0.1,1.6001522121615885,0.18692542497958753,1,1
6,1,6,Product Launch,P0058,Smoked Salmon (Lox),N000050,Smoked Salmon (Lox)_M06_Y01_0050_G1,01,"Fish, dried/salted",4 oz,10.06784290061476,8.821090763309108,0.8761649193761731,0.1,0.1,16.30670355917329,1.0,1,1
6,1,6,Product Launch,P0185,Bacardi Superior White Rum,N000051,Bacardi Superior White Rum_M06_Y01_0051_G1,02,Spirits,750ml,15.149290140006961,15.725531128399309,1.0380374910683494,0.1,0.1,13.105112982158582,0.06968836701726937,1,1
6,1,6,Product Launch,P0199,La Marca Prosecco,N000052,La Marca Prosecco_M06_Y01_0052_G1,02,Wine from Grapes,750ml,16.139655518548828,13.910647068740374,0.8618924395724109,0.1,0.1,11.987439992962381,0.49991966249272995,1,1
6,1,6,Product Launch,P0209,Lagunitas IPA,N000053,Lagunitas IPA_M06_Y01_0053_G1,02,Beer,6pk Bottles,11.523879957431385,12.058625681788548,1.04640327097579,0.1,0.1,8.912792014927264,0.6486733858781529,1,1
6,1,6,Product Launch,P0232,Champion Mesh Shorts,N000054,Champion Mesh Shorts_M06_Y01_0054_G1,03,Men's Garments,Each,22.224033551634868,24.076879455350923,1.0833712700897067,0.1,0.1,44.71060277356911,0.2999854049519034,1,1
6,1,6,Product Launch,P0239,The North Face Fleece Jacket,N000055,The North Face Fleece Jacket_M06_Y01_0055_G1,03,Men's Garments,Each,99.75108391869395,86.91217536099182,0.8712905358685928,0.1,0.1,16.090508822958924,0.5869539665233018,1,1
6,1,6,Product Launch,P0295,Sewer Service Fee,N000056,Sewer Service Fee_M06_Y01_0056_G1,04,Sewage Collection,Month,42.562113143653505,45.92667686483823,1.0790506737724421,0.1,0.1,19.018892374774346,0.7010858805726509,1,1
6,1,6,Product Launch,P0311,"Wall Cabinet (Unfinished, 30-inch)",N000057,"Wall Cabinet (Unfinished, 30-inch)_M06_Y01_0057_G1",05,Furniture,Each,145.65411776226816,166.79996033562333,1.1451784741703541,0.1,0.1,15.71322721460152,0.39338223704135605,1,1
6,1,6,Product Launch,P0331,Ceramic Dinner Plate Set,N000058,Ceramic Dinner Plate Set_M06_Y01_0058_G1,05,Glassware/Tableware,12-piece,65.47083130417104,62.92848000854054,0.9611681836783317,0.1,0.1,25.983434685252167,0.4165863863704529,1,1
6,1,6,Product Launch,P0365,Digital Thermometer,N000059,Digital Thermometer_M06_Y01_0059_G1,06,Other Equipment,Each,13.134938816765093,13.797377430244332,1.0504333231178602,0.1,0.1,8.670328629803864,0.7241752527316873,1,1
6,1,6,Product Launch,P0401,Dell UltraSharp 27-inch 4K Monitor,N000060,Dell UltraSharp 27-inch 4K Monitor_M06_Y01_0060_G1,08,Information Processing Equipment,Each,582.3676732503988,650.112317318576,1.1163262440205008,0.1,0.1,22.956819084542133,0.8926035253237702,1,1
6,1,6,Product Launch,N000007,Stride Rite First Walkers_M01_Y01_0007_G1,N000061,Stride Rite First Walkers_M06_Y01_0061_G2,03,Infant Footwear,Pair,54.76469564264306,50.936098282521094,0.9300900458736268,0.1,0.1,3.3705875686940376,0.8289187552595654,1,2
6,1,6,Product Launch,N000049,Sport Motorcycle (600cc)_M05_Y01_0049_G1,N000062,Sport Motorcycle (600cc)_M06_Y01_0062_G2,07,Motorcycles,Each,8645.125570263885,8650.021046604677,1.0005662701254023,0.1,0.1,0.16220554085505248,0.214753758216241,1,2
7,1,7,Product Launch,P0021,Granola with Nuts,N000063,Granola with Nuts_M07_Y01_0063_G1,01,Breakfast cereals,12 oz,6.49052524206409,6.210744147074185,0.9568939208222029,0.1,0.1,81.71972261654525,0.5630578587256723,1,1
7,1,7,Product Launch,P0118,Celery Stalks,N000064,Celery Stalks_M07_Y01_0064_G1,01,Leafy/stem vegetables,Bunch,1.807970348309822,1.6745700892787747,0.9262154608034605,0.1,0.1,33.128342992468305,0.7321020676775846,1,1
7,1,7,Product Launch,P0135,Brown Sugar,N000065,Brown Sugar_M07_Y01_0065_G1,01,Cane/Beet sugar,2 lb,2.5191897371773604,2.8350636290913944,1.1253870985787504,0.1,0.1,165.38706871684917,0.31161570829871715,1,1
7,1,7,Product Launch,P0185,Bacardi Superior White Rum,N000066,Bacardi Superior White Rum_M07_Y01_0066_G1,02,Spirits,750ml,15.182335478897226,16.407338145403056,1.0806860491397077,0.1,0.1,11.800982664399296,0.05754932377831315,1,1
7,1,7,Product Launch,P0253,Coach Leather Wallet,N000067,Coach Leather Wallet_M07_Y01_0067_G1,03,Accessories,Each,151.47692618021796,163.294991113249,1.0780189117316168,0.1,0.1,11.194668519335591,0.5834072954400356,1,1
7,1,7,Product Launch,P0367,General Practitioner Office Visit,N000068,General Practitioner Office Visit_M07_Y01_0068_G1,06,Medical Services,Visit,151.69693561923106,147.72177443490415,0.9737953758386735,0.1,0.1,17.58960901852794,0.6938347289434736,1,1
7,1,7,Product Launch,P0392,Annual Vehicle Registration Fee,N000069,Annual Vehicle Registration Fee_M07_Y01_0069_G1,07,Other Services,Year,120.51664441085336,104.33269626018223,0.8657119252715133,0.1,0.1,6.301941896617169,0.9491619315210215,1,1
7,1,7,Product Launch,P0452,Casual Dining Lunch (Main + Drink),N000070,Casual Dining Lunch (Main + Drink)_M07_Y01_0070_G1,11,Restaurants,Meal,22.191041300346946,19.238371217747982,0.866943148695199,0.1,0.1,111.10853857471233,0.4020116813759171,1,1
7,1,7,Product Launch,P0462,Standard Hotel Room (3-Star),N000071,Standard Hotel Room (3-Star)_M07_Y01_0071_G1,11,Hotels,Night,167.12290309741843,182.15714797371436,1.0899592132356164,0.1,0.1,5.798041258451334,0.19811583011565748,1,1
7,1,7,Product Launch,N000052,La Marca Prosecco_M06_Y01_0052_G1,N000072,La Marca Prosecco_M07_Y01_0072_G2,02,Wine from Grapes,750ml,14.076054980225008,15.856377620054838,1.126478806905127,0.1,0.1,1.221857870708643,0.5934181032341626,1,2
8,1,8,Product Launch,P0062,Clams,N000073,Clams_M08_Y01_0073_G1,01,Other seafood,1 lb,6.020535493751237,6.273192592106688,1.0419658846987425,0.1,0.1,97.56974968482724,0.7428959755760505,1,1
8,1,8,Product Launch,P0081,Sharp Cheddar Block,N000074,Sharp Cheddar Block_M08_Y01_0074_G1,01,Cheese,8 oz,4.3532269493789935,4.353687738605413,1.0001058500353366,0.1,0.1,162.83980444334543,0.9396623544021393,1,1
8,1,8,Product Launch,P0098,Bananas,N000075,Bananas_M08_Y01_0075_G1,01,Tropical fruits,1 lb,0.6004681242222776,0.536487443669764,0.8934486645142388,0.1,0.1,193.73104368137953,0.02456299315303606,1,1
8,1,8,Product Launch,P0302,Firewood Bundle,N000076,Firewood Bundle_M08_Y01_0076_G1,04,Solid Fuels,Each,8.08767173763138,8.397645668704495,1.0383267201153612,0.1,0.1,56.015545863266006,1.0,1,1
8,1,8,Product Launch,P0348,Laundry Detergent (Liquid),N000077,Laundry Detergent (Liquid)_M08_Y01_0077_G1,05,Cleaning Products,92 oz,13.146795323840362,11.577883560165322,0.8806620377796572,0.1,0.1,94.02668565457887,0.1786566712573011,1,1
8,1,8,Product Launch,N000027,Blackout Curtains (Pair)_M03_Y01_0027_G2,N000078,Blackout Curtains (Pair)_M08_Y01_0078_G3,05,Other Textiles,Pair,42.4278123278755,47.13084397765189,1.110847847007338,0.1,0.1,0.560160552190004,0.5436134958612103,1,3
8,1,8,Product Launch,N000072,La Marca Prosecco_M07_Y01_0072_G2,N000079,La Marca Prosecco_M08_Y01_0079_G3,02,Wine from Grapes,750ml,15.848004999634513,14.18283482528503,0.8949287197733793,0.1,0.1,0.12209860334660677,0.5208923533856553,1,3
9,1,9,Product Launch,P0060,Fish Sticks (Frozen),N000080,Fish Sticks (Frozen)_M09_Y01_0080_G1,01,Fish preparations,24 oz,7.027058061297596,7.976010622029421,1.135042652622767,0.1,0.1,152.6489984589662,0.6990184690293423,1,1
9,1,9,Product Launch,P0062,Clams,N000081,Clams_M09_Y01_0081_G1,01,Other seafood,1 lb,6.010408831963365,5.30345249853066,0.8823779957075284,0.1,0.1,87.82607979571817,0.8044791480006298,1,1
9,1,9,Product Launch,P0133,Dried Chickpeas,N000082,Dried Chickpeas_M09_Y01_0082_G1,01,Pulses,16 oz,1.735306078869735,1.7465945306278583,1.0065051646482308,0.1,0.1,23.56824180345552,0.2929855132189862,1,1
9,1,9,Product Launch,P0185,Bacardi Superior White Rum,N000083,Bacardi Superior White Rum_M09_Y01_0083_G1,02,Spirits,750ml,15.12773649588584,12.881824450156572,0.851536808144426,0.1,0.1,10.633008638919277,0.07331736217027958,1,1
9,1,9,Product Launch,P0211,Miller Lite,N000084,Miller Lite_M09_Y01_0084_G1,02,Beer,12pk Cans,13.198394662709223,14.798197638211422,1.1212119364806,0.1,0.1,8.848774238962632,0.6690687994094054,1,1
9,1,9,Product Launch,P0259,Allbirds Wool Runners,N000085,Allbirds Wool Runners_M09_Y01_0085_G1,03,Footwear,Pair,111.79070845625635,109.39463726664881,0.978566454916554,0.1,0.1,7.071158515714753,0.5808481250248362,1,1
9,1,9,Product Launch,P0281,Kitchen Base Cabinet (Unfinished),N000086,Kitchen Base Cabinet (Unfinished)_M09_Y01_0086_G1,04,Maintenance Materials,30-inch,187.66270155049523,199.4031018379858,1.0625611812602598,0.1,0.1,13.946108406283404,0.815287189071382,1,1
9,1,9,Product Launch,P0304,Ice for Cooling / Energy Substitute,N000087,Ice for Cooling / Energy Substitute_M09_Y01_0087_G1,04,Other Energy,7 lb Bag,2.494735712172053,2.178252675618915,0.8731396536278424,0.1,0.1,97.33060247356825,0.8162022237572911,1,1
9,1,9,Product Launch,P0362,Prescription Glasses (Standard Frames/Lenses),N000088,Prescription Glasses (Standard Frames/Lenses)_M09_Y01_0088_G1,06,Eyewear,Pair,222.43422745685493,204.9664524753401,0.9214699321177853,0.1,0.1,39.345167706466015,0.4917472780762282,1,1
9,1,9,Product Launch,P0365,Digital Thermometer,N000089,Digital Thermometer_M09_Y01_0089_G1,06,Other Equipment,Each,13.15238376819465,13.804879731404952,1.049610471737312,0.1,0.1,7.803978628281576,0.7885130574162094,1,1
9,1,9,Product Launch,N000038,Monthly Parking Pass (Downtown)_M04_Y01_0038_G1,N000090,Monthly Parking Pass (Downtown)_M09_Y01_0090_G2,07,Other Services,Month,194.94511540958723,198.8302924740398,1.0199295943183273,0.1,0.1,0.5808446502049025,0.6799813945406806,1,2
10,1,10,Product Launch,P0029,Spaghetti,N000091,Spaghetti_M10_Y01_0091_G1,01,Pasta products,1 lb,1.5121176391607303,1.7149609162572803,1.1341451695577958,0.1,0.1,135.08340974135592,0.09228047788810048,1,1
10,1,10,Product Launch,P0075,Soy Milk,N000092,Soy Milk_M10_Y01_0092_G1,01,Non-animal milk,64 oz,4.604509760470248,4.619796786457429,1.0033200116369434,0.1,0.1,123.68042540970285,0.4581716638487083,1,1
10,1,10,Product Launch,P0110,Red Seedless Grapes,N000093,Red Seedless Grapes_M10_Y01_0093_G1,01,Other fruits,1 lb,2.5184540129366426,2.186971801653172,0.8683786920147311,0.1,0.1,114.66799393992672,0.6155441322429979,1,1
10,1,10,Product Launch,P0131,Sweet Potatoes,N000094,Sweet Potatoes_M10_Y01_0094_G1,01,Tubers,1 lb,1.307757403875243,1.1724676454131469,0.8965482756502118,0.1,0.1,115.02393126126924,0.8919779849487275,1,1
10,1,10,Product Launch,P0155,Organic Baby Food Pouch,N000095,Organic Baby Food Pouch_M10_Y01_0095_G1,01,Baby food,4 oz,1.7978162082107556,1.9105552857220527,1.0627089003850392,0.1,0.1,44.60080579859156,0.6734047964575305,1,1
10,1,10,Product Launch,P0181,Custom Animal Slaughtering,N000096,Custom Animal Slaughtering_M10_Y01_0096_G1,01,Processing Services,per head (small),50.938512037530124,49.80835837261285,0.977813374994452,0.1,0.1,95.57001690961118,0.9301239745216289,1,1
10,1,10,Product Launch,P0190,Johnnie Walker Black Label,N000097,Johnnie Walker Black Label_M10_Y01_0097_G1,02,Spirits,750ml,40.68308162990924,38.451540539305384,0.9451481795085237,0.1,0.1,7.914398323659409,0.11821553340548854,1,1
10,1,10,Product Launch,P0197,Kendall-Jackson Chardonnay,N000098,Kendall-Jackson Chardonnay_M10_Y01_0098_G1,02,Wine from Grapes,750ml,14.776851771950138,14.319211416468622,0.9690299149951397,0.1,0.1,12.10907826334555,0.2113746849856636,1,1
10,1,10,Product Launch,P0198,Kim Crawford Sauvignon Blanc,N000099,Kim Crawford Sauvignon Blanc_M10_Y01_0099_G1,02,Wine from Grapes,750ml,17.01246389010522,16.880204139640643,0.9922257145514648,0.1,0.1,4.110488671114993,0.23773356805741652,1,1
10,1,10,Product Launch,P0229,Premium Silk Fabric,N000100,Premium Silk Fabric_M10_Y01_0100_G1,03,Materials,per Yard,25.44897814456049,28.16790093423478,1.106838191075088,0.1,0.1,53.95294215589164,0.9731790360461221,1,1
10,1,10,Product Launch,P0286,Replacement LED Recessed Light,N000101,Replacement LED Recessed Light_M10_Y01_0101_G1,04,Maintenance Materials,6-pack,35.89812473388174,38.84012610716686,1.0819541799215036,0.1,0.1,47.83172549722732,0.09778528766176407,1,1
10,1,10,Product Launch,P0315,Laminate Flooring Planks,N000102,Laminate Flooring Planks_M10_Y01_0102_G1,05,Floor Coverings,sq. ft.,2.504153147802963,2.8055152345870527,1.1203449106331584,0.1,0.1,40.34089698319239,0.8448476886513432,1,1
10,1,10,Product Launch,P0320,Tablecloth (Linen),N000103,Tablecloth (Linen)_M10_Y01_0103_G1,05,Other Textiles,Each,28.58761683951593,27.494453588005705,0.9617609520357369,0.1,0.1,43.4093061606367,0.64442967649528,1,1
10,1,10,Product Launch,P0365,Digital Thermometer,N000104,Digital Thermometer_M10_Y01_0104_G1,06,Other Equipment,Each,13.16741869157148,14.404214234479568,1.0939284739004893,0.1,0.1,7.0216555100208815,0.6749032038075867,1,1
10,1,10,Product Launch,P0412,Spotify Premium (Individual),N000105,Spotify Premium (Individual)_M10_Y01_0105_G1,08,Content Delivery Services,Month,11.09439035877983,12.062608570466049,1.087270970316994,0.1,0.1,24.471744545538712,0.44255225740283677,1,1
10,1,10,Product Launch,P0467,Comprehensive Car Insurance Premium,N000106,Comprehensive Car Insurance Premium_M10_Y01_0106_G1,12,Auto Insurance,Month,121.3006005921442,117.61451546104674,0.9696119795524228,0.1,0.1,8.28691393898049,0.5820817922453632,1,1
10,1,10,Product Launch,N000013,Smoked Salmon (Lox)_M02_Y01_0013_G1,N000107,Smoked Salmon (Lox)_M10_Y01_0107_G2,01,"Fish, dried/salted",4 oz,10.015468859231696,9.024216230170435,0.9010278357415509,0.1,0.1,1.7369309696692703,0.9280823833341627,1,2
10,1,10,Product Launch,N000014,Liquid Egg Whites_M02_Y01_0014_G1,N000108,Liquid Egg Whites_M10_Y01_0108_G2,01,Eggs,16 oz,3.95042521998978,4.132956745116223,1.0462055386348803,0.1,0.1,1.8924579326209234,0.7050762418195088,1,2
10,1,10,Product Launch,N000062,Sport Motorcycle (600cc)_M06_Y01_0062_G2,N000109,Sport Motorcycle (600cc)_M10_Y01_0109_G3,07,Motorcycles,Each,8866.722029161665,8828.592310943875,0.995699682690809,0.1,0.1,0.01678875676495263,0.24260552090339055,1,3
10,1,10,Product Launch,N000087,Ice for Cooling / Energy Substitute_M09_Y01_0087_G1,N000110,Ice for Cooling / Energy Substitute_M10_Y01_0110_G2,04,Other Energy,7 lb Bag,2.1997937975887667,2.0514643469149085,0.932571202429771,0.1,0.1,9.911114183683978,0.8014427742896859,1,2
11,1,11,Product Launch,P0059,Canned Chunk Light Tuna,N000111,Canned Chunk Light Tuna_M11_Y01_0111_G1,01,Fish preparations,5 oz,1.3113194555252827,1.138271811821464,0.8680354790934601,0.1,0.1,165.3782697754156,0.8785663799994867,1,1
11,1,11,Product Launch,P0086,Large White Eggs,N000112,Large White Eggs_M11_Y01_0112_G1,01,Eggs,1 Dozen,2.994084995553276,2.754999216367884,0.9201472972409016,0.1,0.1,126.48192721763803,0.8691249816346379,1,1
11,1,11,Product Launch,P0166,Coffee Pods,N000113,Coffee Pods_M11_Y01_0113_G1,01,Coffee,12 ct,10.684448481707177,9.469711117565064,0.8863079019734278,0.1,0.1,106.48410972120378,1.0,1,1
11,1,11,Product Launch,P0180,Cereal Grinding Fee,N000114,Cereal Grinding Fee_M11_Y01_0114_G1,01,Processing Services,per 10 kg,12.323358892789662,13.492332859705405,1.0948583886167353,0.1,0.1,56.994358084467,0.18644492733241505,1,1
11,1,11,Product Launch,P0184,Aperol Aperitivo,N000115,Aperol Aperitivo_M11_Y01_0115_G1,02,Spirits,750ml,28.854170676592787,32.46019583980361,1.1249741399130255,0.1,0.1,18.462770049414285,0.0,1,1
11,1,11,Product Launch,P0196,Josh Cellars Cabernet,N000116,Josh Cellars Cabernet_M11_Y01_0116_G1,02,Wine from Grapes,750ml,15.208272364282223,15.267526366330356,1.003896169178775,0.1,0.1,3.109766616214891,0.09102564881269762,1,1
11,1,11,Product Launch,P0197,Kendall-Jackson Chardonnay,N000117,Kendall-Jackson Chardonnay_M11_Y01_0117_G1,02,Wine from Grapes,750ml,14.856472622005393,15.799119441791676,1.063450244467185,0.1,0.1,10.898813076339039,0.13824666462234275,1,1
11,1,11,Product Launch,P0215,Camel Blue,N000118,Camel Blue_M11_Y01_0118_G1,02,Cigarettes,Pack,10.877318888843748,11.07882611079919,1.0185254495169869,0.1,0.1,29.473189377831673,0.09370512183032481,1,1
11,1,11,Product Launch,P0249,Zara Floral Midi Dress,N000119,Zara Floral Midi Dress_M11_Y01_0119_G1,03,Women's Garments,Each,60.52603826759468,60.44909222993608,0.9987287118096444,0.1,0.1,38.45637393439902,0.269131844178667,1,1
11,1,11,Product Launch,P0323,Front Load Washing Machine,N000120,Front Load Washing Machine_M11_Y01_0120_G1,05,Major Appliances,Each,869.0842111036978,891.3084319484235,1.0255719993077563,0.1,0.1,10.198071048632624,0.2404407159327405,1,1
11,1,11,Product Launch,P0459,Cocktail (Standard),N000121,Cocktail (Standard)_M11_Y01_0121_G1,11,Cafes/Bars,Each,15.164365961871132,15.908449437397332,1.0490678922809633,0.1,0.1,142.89520226561618,0.5529478469538907,1,1
12,1,12,Product Launch,P0015,Multigrain Loaf,N000122,Multigrain Loaf_M12_Y01_0122_G1,01,Bread and bakery products,22 oz,4.585260784946726,5.179416050088763,1.129579383378287,0.1,0.1,136.5779588417425,0.24401406173282422,1,1
12,1,12,Product Launch,P0063,Frozen Squid Rings,N000123,Frozen Squid Rings_M12_Y01_0123_G1,01,Other seafood,1 lb,9.667296382392333,8.328587746003567,0.8615219205622948,0.1,0.1,48.108246311990776,0.12076578240753588,1,1
12,1,12,Product Launch,P0067,Breaded Butterfly Shrimp,N000124,Breaded Butterfly Shrimp_M12_Y01_0124_G1,01,Seafood preparations,10 oz,8.105065830462717,9.058020267192534,1.1175751630724773,0.1,0.1,142.39979213869935,0.49317626016734883,1,1
12,1,12,Product Launch,P0159,Tomato Ketchup,N000125,Tomato Ketchup_M12_Y01_0125_G1,01,Condiments/Sauces,20 oz,3.3807123781632775,3.5839180723280086,1.0601073594657975,0.1,0.1,96.95866495129191,0.23848451465018894,1,1
12,1,12,Product Launch,P0164,Orange Juice (Not from Concentrate),N000126,Orange Juice (Not from Concentrate)_M12_Y01_0126_G1,01,Juices,52 oz,4.562224257799623,4.5651044906247265,1.0006313220618603,0.1,0.1,81.08368390192936,0.7551058949398436,1,1
12,1,12,Product Launch,P0187,Hennessy V.S Cognac,N000127,Hennessy V.S Cognac_M12_Y01_0127_G1,02,Spirits,750ml,45.64337722554761,50.79141837988904,1.1127883488748496,0.1,0.1,4.371897303150344,0.8731801552695628,1,1
12,1,12,Product Launch,P0195,Barefoot Cabernet Sauvignon,N000128,Barefoot Cabernet Sauvignon_M12_Y01_0128_G1,02,Wine from Grapes,750ml,8.042427785310032,6.877528586680838,0.8551557776176801,0.1,0.1,34.04612093310738,0.9461924641032041,1,1
12,1,12,Product Launch,P0244,Lululemon Align Leggings,N000129,Lululemon Align Leggings_M12_Y01_0129_G1,03,Women's Garments,Pair,100.15671994056726,96.87911980873852,0.9672752848358687,0.1,0.1,31.49508012737934,0.5799833229666469,1,1
12,1,12,Product Launch,P0272,Monthly Rent: 3-Bedroom Single Family Home,N000130,Monthly Rent: 3-Bedroom Single Family Home_M12_Y01_0130_G1,04,Actual Rentals,Month,3007.1121334490176,2563.801162160584,0.8525791684462474,0.1,0.1,0.10029721330147877,0.0791906395603566,1,1
12,1,12,Product Launch,P0408,Fiber Internet (1 Gbps Plan),N000131,Fiber Internet (1 Gbps Plan)_M12_Y01_0131_G1,08,Fixed Communication Services,Month,81.31455433328613,82.20071490972987,1.0108979331401315,0.1,0.1,8.328217353333402,0.0,1,1
12,1,12,Product Launch,P0454,Fine Dining Tasting Menu,N000132,Fine Dining Tasting Menu_M12_Y01_0132_G1,11,Restaurants,Per Person,179.94837321173827,180.4481938053194,1.0027775777277685,0.1,0.1,2.898094554002335,0.198877311368875,1,1
12,1,12,Product Launch,P0460,Office/Workplace Cafeteria Lunch,N000133,Office/Workplace Cafeteria Lunch_M12_Y01_0133_G1,11,Canteens,Meal,12.581807302217046,12.34427305551275,0.9811208166681713,0.1,0.1,16.715281285504812,0.5571557777686695,1,1
12,1,12,Product Launch,N000033,Denim Upholstery/Clothing_M04_Y01_0033_G1,N000134,Denim Upholstery/Clothing_M12_Y01_0134_G2,03,Materials,per Yard,12.306465984390465,12.810486104436166,1.0409557155307625,0.1,0.1,5.496947365282804,0.5854590912978166,1,2
13,2,1,Product Launch,P0138,Stevia Sweetener Packets,N000135,Stevia Sweetener Packets_M01_Y02_0135_G1,01,Other sugars,40 ct,5.0867189881762,5.800565314635982,1.1403353179365872,0.1,0.1,4.451120182649493,0.9739851378097841,1,1
13,2,1,Product Launch,P0186,Grey Goose Vodka,N000136,Grey Goose Vodka_M01_Y02_0136_G1,02,Spirits,750ml,33.25883204681062,30.35404410967843,0.9126611561992375,0.1,0.1,11.820098218532893,0.5496740355159021,1,1
13,2,1,Product Launch,P0213,Stella Artois,N000137,Stella Artois_M01_Y02_0137_G1,02,Beer,12pk Bottles,18.022862327366497,18.407289880483344,1.0213299944334102,0.1,0.1,26.81806278642355,0.8730796206563007,1,1
13,2,1,Product Launch,P0241,Aritzia Melina Pants,N000138,Aritzia Melina Pants_M01_Y02_0138_G1,03,Women's Garments,Pair,148.86326725081852,166.7077081952754,1.1198713508980755,0.1,0.1,6.812015948216786,0.480225587664983,1,1
13,2,1,Product Launch,P0261,Brooks Ghost Running Shoes,N000139,Brooks Ghost Running Shoes_M01_Y02_0139_G1,03,Footwear,Pair,141.96131408384556,141.6327002894592,0.9976851877111232,0.1,0.1,32.45850292390042,0.44954001771301105,1,1
13,2,1,Product Launch,P0282,Kitchen Faucet (Stainless Steel),N000140,Kitchen Faucet (Stainless Steel)_M01_Y02_0140_G1,04,Maintenance Materials,Each,130.57315541376,118.83179952631696,0.9100783323322696,0.1,0.1,24.78538547087315,0.8682141388569733,1,1
13,2,1,Product Launch,P0317,Down Alternative Comforter,N000141,Down Alternative Comforter_M01_Y02_0141_G1,05,Bedding,Each,86.78395199608734,89.7837733670567,1.0345665448734647,0.1,0.1,31.939149388681717,0.21729808117782834,1,1
13,2,1,Product Launch,P0364,Blood Pressure Monitor (Digital Arm),N000142,Blood Pressure Monitor (Digital Arm)_M01_Y02_0142_G1,06,Other Equipment,Each,45.5412489556675,38.877288514124594,0.8536719876077621,0.1,0.1,67.15040426035259,0.8681395852966041,1,1
13,2,1,Product Launch,P0390,Monthly Parking Pass (Downtown),N000143,Monthly Parking Pass (Downtown)_M01_Y02_0143_G1,07,Other Services,Month,225.41760279130605,244.92200465918327,1.0865256378665982,0.1,0.1,4.839559306661802,0.5970303567114104,1,1
13,2,1,Product Launch,P0415,Microsoft 365 Personal (Annual),N000144,Microsoft 365 Personal (Annual)_M01_Y02_0144_G1,08,Standard Software,Year,71.78492493184284,80.32053009136398,1.1189052599501272,0.1,0.1,1.3006687642856862,0.29070370132841594,1,1
13,2,1,Product Launch,N000060,Dell UltraSharp 27-inch 4K Monitor_M06_Y01_0060_G1,N000145,Dell UltraSharp 27-inch 4K Monitor_M01_Y02_0145_G2,08,Information Processing Equipment,Each,591.7233861679365,645.5092263308306,1.0908969316072108,0.1,0.1,2.1994703843256938,0.8401814113922956,1,2
13,2,1,Product Launch,N000080,Fish Sticks (Frozen)_M09_Y01_0080_G1,N000146,Fish Sticks (Frozen)_M01_Y02_0146_G2,01,Fish preparations,24 oz,7.596921189594672,7.638357195647126,1.0054543156389733,0.1,0.1,14.587415944437959,0.6765987361160575,1,2
14,2,2,Product Launch,P0019,Whole Grain Sourdough,N000147,Whole Grain Sourdough_M02_Y02_0147_G1,01,Bread and bakery products,24 oz,6.17497789763532,6.23896482960428,1.0103622932793757,0.1,0.1,160.65295760965222,0.0,1,1
14,2,2,Product Launch,P0092,Refined Coconut Oil,N000148,Refined Coconut Oil_M02_Y02_0148_G1,01,Vegetable oils,14 oz,7.043730128791726,6.693168147606337,0.9502306342271061,0.1,0.1,119.22181737343809,0.7263657086674081,1,1
14,2,2,Product Launch,P0123,Roma Tomatoes,N000149,Roma Tomatoes_M02_Y02_0149_G1,01,Fruit-bearing veg,1 lb,1.5374742142517697,1.3964281238392449,0.9082611668507451,0.1,0.1,160.741470996526,0.15466845673568597,1,1
14,2,2,Product Launch,P0459,Cocktail (Standard),N000150,Cocktail (Standard)_M02_Y02_0150_G1,11,Cafes/Bars,Each,15.22856323524777,14.996787753900895,0.9847802134865612,0.1,0.1,129.0811817798111,0.6917596081222033,1,1
14,2,2,Product Launch,N000004,Chicken Nuggets (Frozen)_M01_Y01_0004_G1,N000151,Chicken Nuggets (Frozen)_M02_Y02_0151_G2,01,Meat preparations,32 oz,7.951752576415976,7.347094304792476,0.9239591189724828,0.1,0.1,12.830060048938009,0.48506632911534536,1,2
14,2,2,Product Launch,N000040,"Notebook (A5, 160 pages)_M04_Y01_0040_G1",N000152,"Notebook (A5, 160 pages)_M02_Y02_0152_G2",09,Stationery,Each,14.252116647932226,16.067820129956377,1.1273988648056417,0.1,0.1,4.3621692974331605,0.0920870986364831,1,2
14,2,2,Product Launch,N000055,The North Face Fleece Jacket_M06_Y01_0055_G1,N000153,The North Face Fleece Jacket_M02_Y02_0153_G2,03,Men's Garments,Each,91.53009391890106,91.09541193773939,0.9952509391987862,0.1,0.1,1.7409335522507754,0.6433207809095413,1,2
15,2,3,Product Launch,P0125,Sweet Peas (Frozen),N000154,Sweet Peas (Frozen)_M03_Y02_0154_G1,01,Green legumes,12 oz,1.5257069150069755,1.735693383478575,1.1376322453586307,0.1,0.1,215.1164403780648,0.14272065386273114,1,1
15,2,3,Product Launch,P0151,Frozen Cheese Pizza,N000155,Frozen Cheese Pizza_M03_Y02_0155_G1,01,Ready-made food,20 oz,7.155439188300323,8.131279499708647,1.1363774166376672,0.1,0.1,126.41241107093384,0.8838702185861482,1,1
15,2,3,Product Launch,P0287,Silicone Window & Door Caulk,N000156,Silicone Window & Door Caulk_M03_Y02_0156_G1,04,Maintenance Materials,10.1 oz,9.216327975254636,9.130446982481727,0.9906816475060898,0.1,0.1,8.206693819799808,0.33084128431015414,1,1
15,2,3,Product Launch,P0361,Monthly Contact Lenses,N000157,Monthly Contact Lenses_M03_Y02_0157_G1,06,Eyewear,6-pack,46.24489270693815,40.19039624363799,0.869077510857933,0.1,0.1,37.41365596457578,0.6902794951842607,1,1
15,2,3,Product Launch,P0439,Digital Newspaper Subscription (Annual),N000158,Digital Newspaper Subscription (Annual)_M03_Y02_0158_G1,09,Newspapers,Year,154.27176521043916,135.9771562573639,0.8814131093390943,0.1,0.1,3.60101240816622,0.5134949278482174,1,1
15,2,3,Product Launch,N000109,Sport Motorcycle (600cc)_M10_Y01_0109_G3,N000159,Sport Motorcycle (600cc)_M03_Y02_0159_G4,07,Motorcycles,Each,8938.451214779609,8375.978266183853,0.9370726611266039,0.1,0.1,0.0017079126163385269,0.30991612416196396,1,4
15,2,3,Product Launch,N000121,Cocktail (Standard)_M11_Y01_0121_G1,N000160,Cocktail (Standard)_M03_Y02_0160_G2,11,Cafes/Bars,Each,15.586427992461749,17.798685848412948,1.141934884440562,0.1,0.1,14.057430111801162,0.6443156050624116,1,2
16,2,4,Product Launch,P0040,Whole Turkey,N000161,Whole Turkey_M04_Y02_0161_G1,01,"Meat, fresh",1 lb,2.5101383033858795,2.415356844699013,0.962240543256514,0.1,0.1,103.99015653177942,0.7717129140222436,1,1
16,2,4,Product Launch,P0184,Aperol Aperitivo,N000162,Aperol Aperitivo_M04_Y02_0162_G1,02,Spirits,750ml,29.167651060724587,25.928781918562606,0.8889568057633805,0.1,0.1,16.75859997653563,0.013969720490729677,1,1
16,2,4,Product Launch,P0206,Corona Extra,N000163,Corona Extra_M04_Y02_0163_G1,02,Beer,12pk Bottles,19.446891131342415,21.48762778528278,1.104938966344668,0.1,0.1,8.165574961501639,0.34291369797755933,1,1
16,2,4,Product Launch,P0254,Fossil Leather Belt,N000164,Fossil Leather Belt_M04_Y02_0164_G1,03,Accessories,Each,45.81685207361396,49.91904802535685,1.0895346529951881,0.1,0.1,19.689674783553546,0.590571768527168,1,1
16,2,4,Product Launch,P0273,Garage/Parking Space Rental,N000165,Garage/Parking Space Rental_M04_Y02_0165_G1,04,Other Rentals,Month,153.46914980258944,145.08755736415938,0.9453858156560359,0.1,0.1,3.0012834609425405,0.8187904930554847,1,1
16,2,4,Product Launch,P0401,Dell UltraSharp 27-inch 4K Monitor,N000166,Dell UltraSharp 27-inch 4K Monitor_M04_Y02_0166_G1,08,Information Processing Equipment,Each,587.2764351904949,579.2633056653104,0.9863554383506206,0.1,0.1,20.78925024306891,0.9043390430535256,1,1
16,2,4,Product Launch,P0406,HP LaserJet Pro Wireless Printer,N000167,HP LaserJet Pro Wireless Printer_M04_Y02_0167_G1,08,Printers/Accessories,Each,235.45306325184728,203.3139061230385,0.8635007899878888,0.1,0.1,20.043649605129644,0.523937802002481,1,1
16,2,4,Product Launch,P0411,Netflix Standard Subscription,N000168,Netflix Standard Subscription_M04_Y02_0168_G1,08,Content Delivery Services,Month,16.133146285652618,16.9392050411716,1.0499628988200411,0.1,0.1,20.83298267409714,0.007452053994246994,1,1
16,2,4,Product Launch,P0420,Noise Cancelling Wireless Headphones,N000169,Noise Cancelling Wireless Headphones_M04_Y02_0169_G1,09,AV Equipment,Each,355.86342421847974,384.96221321450713,1.0817695413905826,0.1,0.1,14.913870884771606,0.6756361014122698,1,1
16,2,4,Product Launch,P0440,"Notebook (A5, 160 pages)",N000170,"Notebook (A5, 160 pages)_M04_Y02_0170_G1",09,Stationery,Each,15.117845432370341,16.462398252065512,1.0889381245303786,0.1,0.1,41.32983623763875,0.21248752024741724,1,1
16,2,4,Product Launch,N000025,Samsung Galaxy S24_M03_Y01_0025_G1,N000171,Samsung Galaxy S24_M04_Y02_0171_G2,08,Mobile Telephone Equipment,Each,791.7181251892221,679.2719540885822,0.8579719630976429,0.1,0.1,0.6369738888796874,0.7856200720460378,1,2
17,2,5,Product Launch,P0001,Brown Jasmine Rice,N000172,Brown Jasmine Rice_M05_Y02_0172_G1,01,Cereals,32 oz,4.720211178077166,4.657272969926488,0.9866662304341399,0.1,0.1,18.037698789063906,0.13229580584873135,1,1
17,2,5,Product Launch,P0015,Multigrain Loaf,N000173,Multigrain Loaf_M05_Y02_0173_G1,01,Bread and bakery products,22 oz,4.621508177679162,5.155265227997828,1.1154941265486862,0.1,0.1,123.89161110720664,0.29492779464904145,1,1
17,2,5,Product Launch,P0038,Pork Loin Chops,N000174,Pork Loin Chops_M05_Y02_0174_G1,01,"Meat, fresh",1 lb,4.108098973049523,3.835076273959378,0.9335403794111915,0.1,0.1,135.71357699490486,0.2892632059511727,1,1
17,2,5,Product Launch,P0050,Chicken Nuggets (Frozen),N000175,Chicken Nuggets (Frozen)_M05_Y02_0175_G1,01,Meat preparations,32 oz,8.61649643830921,7.353931061151355,0.8534711426857382,0.1,0.1,104.69118102134495,0.5062918948655024,1,1
17,2,5,Product Launch,P0082,Shredded Mozzarella,N000176,Shredded Mozzarella_M05_Y02_0176_G1,01,Cheese,8 oz,4.041691682968685,4.020705144705969,0.9948074865900457,0.1,0.1,76.18551146771225,0.912081925841582,1,1
17,2,5,Product Launch,P0160,Black Pepper (Ground),N000177,Black Pepper (Ground)_M05_Y02_0177_G1,01,Spices,4 oz,4.5732812519012365,4.138481236168607,0.9049260275536583,0.1,0.1,154.19140460411774,0.48224221413566964,1,1
17,2,5,Product Launch,P0224,Copenhagen Snuff,N000178,Copenhagen Snuff_M05_Y02_0178_G1,02,Other Tobacco,Can,7.655726799576121,7.289707092775207,0.9521900772607012,0.1,0.1,7.819056872959904,0.9485480142363575,1,1
17,2,5,Product Launch,P0245,Madewell Perfect Vintage Jean,N000179,Madewell Perfect Vintage Jean_M05_Y02_0179_G1,03,Women's Garments,Pair,132.7232808870623,131.5483175143473,0.991147269982613,0.1,0.1,30.790168008306804,0.3248073888928412,1,1
17,2,5,Product Launch,P0299,Residential Natural Gas Consumption,N000180,Residential Natural Gas Consumption_M05_Y02_0180_G1,04,Natural Gas,Therm,1.1999138472899522,1.1855460929083403,0.9880260116890375,0.1,0.1,42.32074157963019,0.2641045613786308,1,1
17,2,5,Product Launch,P0303,Wood Pellets for Stove,N000181,Wood Pellets for Stove_M05_Y02_0181_G1,04,Other Solid Fuels,40 lb,6.7016358191180645,7.200499979345038,1.0744391628688388,0.1,0.1,0.7004666445195739,0.5564847981504318,1,1
17,2,5,Product Launch,P0307,Ergonomic Office Chair,N000182,Ergonomic Office Chair_M05_Y02_0182_G1,05,Furniture,Each,338.1249996568442,372.9715068226801,1.1030580619628862,0.1,0.1,7.118772361932625,0.5273302663198576,1,1
17,2,5,Product Launch,P0476,Basic Funeral Service Package,N000183,Basic Funeral Service Package_M05_Y02_0183_G1,12,Personal Services,Each,7676.347431526227,8570.343877386047,1.1164611755570413,0.1,0.1,9.802011866650684,0.9153636747663304,1,1
17,2,5,Product Launch,P0477,Passport Application/Renewal Fee,N000184,Passport Application/Renewal Fee_M05_Y02_0184_G1,12,Personal Services,Each,134.8558024503468,119.86458072660952,0.8888351746729105,0.1,0.1,10.67721832058318,0.14713726588832998,1,1
17,2,5,Product Launch,N000111,Canned Chunk Light Tuna_M11_Y01_0111_G1,N000185,Canned Chunk Light Tuna_M05_Y02_0185_G2,01,Fish preparations,5 oz,1.1929741861339505,1.370253319046552,1.1486026562629212,0.1,0.1,17.711849910844702,0.9338986502587117,1,2
17,2,5,Product Launch,N000115,Aperol Aperitivo_M11_Y01_0115_G1,N000186,Aperol Aperitivo_M05_Y02_0186_G2,02,Spirits,750ml,29.50586049825751,33.61543128457093,1.139279814820385,0.1,0.1,1.731964605317219,0.0,1,2
18,2,6,Product Launch,P0061,Sardines in Oil,N000187,Sardines in Oil_M06_Y02_0187_G1,01,Fish preparations,3.75 oz,2.5340904659751224,2.7411963061778497,1.0817278794831946,0.1,0.1,208.26610342266974,0.7032039421178878,1,1
18,2,6,Product Launch,P0117,Baby Spinach,N000188,Baby Spinach_M06_Y02_0188_G1,01,Leafy/stem vegetables,5 oz,3.609690251204018,3.9198135673022123,1.0859141074486245,0.1,0.1,8.823101365519465,0.3914470652662272,1,1
18,2,6,Product Launch,P0196,Josh Cellars Cabernet,N000189,Josh Cellars Cabernet_M06_Y02_0189_G1,02,Wine from Grapes,750ml,15.410576551106054,17.060526963465477,1.1070661053392583,0.1,0.1,2.8307748680425933,0.0,1,1
18,2,6,Product Launch,P0202,Angry Orchard Hard Cider,N000190,Angry Orchard Hard Cider_M06_Y02_0190_G1,02,Wine other,6pk Bottles,11.217107791626423,11.740179674517254,1.046631617758127,0.1,0.1,32.7476434706408,0.8422169124153188,1,1
18,2,6,Product Launch,P0252,Gerber Organic Sleep n Play,N000191,Gerber Organic Sleep n Play_M06_Y02_0191_G1,03,Infant Garments,Each,13.253040381086864,15.20692623656794,1.1474292539144018,0.1,0.1,45.97140862755919,0.6592964342920004,1,1
18,2,6,Product Launch,P0437,E-book (Digital),N000192,E-book (Digital)_M06_Y02_0192_G1,09,Books,Download,13.315642325644603,14.720382855139542,1.1054955138581297,0.1,0.1,57.604887564317494,0.386018943318652,1,1
18,2,6,Product Launch,P0458,Craft Beer at Bar (Pint),N000193,Craft Beer at Bar (Pint)_M06_Y02_0193_G1,11,Cafes/Bars,Each,8.113776274890201,8.907655404894843,1.0978433596279293,0.1,0.1,120.48425506581962,0.7928149263289574,1,1
18,2,6,Product Launch,N000026,"All-Inclusive Resort Stay (7 Days, Per Person)_M03_Y01_0026_G1",N000194,"All-Inclusive Resort Stay (7 Days, Per Person)_M06_Y02_0194_G2",09,Package Holidays,Trip,1749.2359554434493,1753.5685884962538,1.0024768717103727,0.1,0.1,1.6144274293935768,0.4438066087156194,1,2
18,2,6,Product Launch,N000076,Firewood Bundle_M08_Y01_0076_G1,N000195,Firewood Bundle_M06_Y02_0195_G2,04,Solid Fuels,Each,8.152144351491067,7.9327511782282,0.9730876731564819,0.1,0.1,5.563349260604902,1.0,1,2
18,2,6,Product Launch,N000124,Breaded Butterfly Shrimp_M12_Y01_0124_G1,N000196,Breaded Butterfly Shrimp_M06_Y02_0196_G2,01,Seafood preparations,10 oz,8.330557523573159,8.331012094390855,1.0000545666741283,0.1,0.1,13.567525110706772,0.4667530150655609,1,2
18,2,6,Product Launch,N000143,Monthly Parking Pass (Downtown)_M01_Y02_0143_G1,N000197,Monthly Parking Pass (Downtown)_M06_Y02_0197_G2,07,Other Services,Month,232.42199040414667,240.46290912635814,1.034596204551168,0.1,0.1,0.46735624844652635,0.5056050536464157,1,2
18,2,6,Product Launch,N000179,Madewell Perfect Vintage Jean_M05_Y02_0179_G1,N000198,Madewell Perfect Vintage Jean_M06_Y02_0198_G2,03,Women's Garments,Pair,131.28561650970136,127.67463812447204,0.97249524752803,0.1,0.1,3.0751592795357907,0.24155494067136252,1,2
19,2,7,Product Launch,P0028,Penne Rigate,N000199,Penne Rigate_M07_Y02_0199_G1,01,Pasta products,1 lb,1.5548105222476503,1.6124677938322787,1.037083149849847,0.1,0.1,228.04411011493417,0.2199511658714537,1,1
19,2,7,Product Launch,P0036,Ground Beef (80/20),N000200,Ground Beef (80/20)_M07_Y02_0200_G1,01,"Meat, fresh",1 lb,5.685284740223824,4.877273826080795,0.8578767905103697,0.1,0.1,10.40628722717882,0.7241043069758967,1,1
