Year,Nominal_GDP,Nominal_GDP_Growth_YoY,Real_GDP_Base_Prices,Real_GDP_Growth_YoY,Inflation_YoY,CPI_Index_End,Household_Count_End,Company_Count_End,Planned_Consumption,Realized_Consumption_Sales,Unmet_Demand_Value,Average_Shortage_Product_Share,Producer_Profit,Monopoly_Products_End,Oligopoly_Products_End,Competitive_Products_End,Product_Count_End,New_Products_Created,Labor_Force_End,Employment_End,Unemployment_Rate_End,Average_Unemployment_Rate,Average_Wage_End,Average_Wage_Annual,Labor_Income,Capital_Income,Household_Gross_Income,Household_Disposable_Income,Income_Gini_End_Class_Average,Labor_Productivity_Index_End,Labor_Constraint_Months
1,224445103.9018718,0.004952962468071753,223318591.67180163,-9.099609099072481e-05,0.008356305596792568,100.83563055967926,1000,1000,224445103.9018718,223982994.87145683,462109.03041497007,0.0772448824354271,36731578.96183821,158,119,334,611,134,630.11,597.815700816158,0.0512518436207043,0.04633782049657408,19966.08344502126,239593.00134025514,144258703.2384098,80186400.66346201,224445103.9018718,224445103.9018718,0.3218984712731525,1.015,0
2,225692594.4479593,0.00555810986473082,223342909.73887926,0.00010889405532954477,0.004256411346181599,101.26482848169285,1010,1000,225692594.4479593,225614784.23831725,77810.20964206113,0.0841475068763009,37328779.084458485,306,119,334,759,148,636.4150000000001,594.3070034425051,0.06616436846632302,0.06388731921284006,19563.020377030323,234756.2445243639,141310916.80319548,84381677.64476383,225692594.4479593,225692594.4479593,0.32802790357606915,1.0302249999999997,0
3,225849026.51310137,0.0006931200623780942,223343049.96951,6.27871423741766e-07,-0.0013196510745439038,101.13119424197347,1020,1000,225849026.51310137,225775295.13895923,73731.37414211546,0.1138709835587345,37358405.961912125,510,119,334,963,204,642.7200000000001,592.6627778134078,0.07788340519447394,0.0768987519614938,18865.533070798378,226386.39684958052,136635822.7129474,89213203.80015397,225849026.51310137,225849026.51310137,0.33514784460591485,1.0456783749999996,0
4,225456661.84081486,-0.0017372874186984966,223285556.62818897,-0.0002574216718580491,-0.0037094884656632132,100.75604924341413,1030,1000,225456661.84081483,225401502.19031438,55159.65050047674,0.12328161170025716,37312939.92909568,787,119,334,1240,277,649.0250000000001,593.0405880890305,0.08625925335845241,0.08660469423604357,17987.42999462271,215849.15993547253,130851114.36191759,94605547.47889727,225456661.84081486,225456661.84081486,0.34321726403889796,1.0613635506249997,0
5,225132956.33964914,-0.0014357770514418222,223296689.19531792,4.9857981398560014e-05,-8.170081861258449e-05,100.74781739171077,1041,1000,225132956.33964914,225051000.47035548,81955.86929368378,0.11946040035634742,37237428.452121966,1112,119,334,1565,325,655.9150000000001,595.3191606332026,0.09238367679775193,0.09399475144910152,17043.554436073537,204522.65323288244,124606590.6797043,100526365.65994486,225132956.33964914,225132956.33964914,0.35205833853664226,1.0772840038843745,0
6,224736511.8125764,-0.0017609351092722214,223305396.88808653,3.899606751889273e-05,-0.0025701892505327617,100.48887643443595,1051,1000,224736511.8125764,224632625.25353554,103886.5590409165,0.1121937900884419,37147810.83750139,1556,119,334,2009,444,662.2850000000001,598.4445154204413,0.09639427826322312,0.09857332813431818,16061.465787220759,192737.5894466491,118243198.44876723,106493313.36380924,224736511.8125764,224736511.8125764,0.36332071426456913,1.09344326394264,0
7,223581991.23788658,-0.005137218538181609,223331941.46091902,0.0001188711656878727,-0.008011828308081892,99.6837768095712,1062,1000,223581991.23788658,223506761.06272602,75230.17516054805,0.1145081300201808,36988549.68226206,2029,119,334,2482,473,669.1750000000001,601.8607917092434,0.10059283190608839,0.10282537244295752,15030.028735341406,180360.3448240969,111635551.80986121,111946439.42802536,223581991.2378866,223581991.2378866,0.36875891123267723,1.1098449129017796,0
8,221886018.6003717,-0.007585461727596887,223340283.96693906,3.7354737371986246e-05,-0.0071113426523485845,98.9748913157981,1072,1000,221886018.6003717,221794076.2149841,91942.38538755494,0.12021063128116528,36708649.639604345,2706,119,334,3159,677,675.4800000000001,605.9841947798931,0.10288358681249933,0.10567480824820251,14015.909894157867,168190.9187298944,104872486.20660219,117013532.39376946,221886018.60037166,221886018.60037166,0.3771745755613105,1.1264925865953062,0
9,218839395.23751462,-0.0137305783486259,223224789.84024012,-0.0005171217867531164,-0.015486644541120587,97.4421023554943,1083,1000,218839395.23751462,218517401.97384354,321993.2636710619,0.10657460589065963,35908897.11942296,3554,119,334,4007,848,682.4350000000001,609.6248447536678,0.10669170726344958,0.10905113429233772,12992.060819583152,155904.72983499782,98192616.74269916,120646778.49481545,218839395.23751462,218839395.23751462,0.3871469573333326,1.1433899753942356,0
10,214333870.6362784,-0.0205882702076845,223182848.70227647,-0.0001878874563782107,-0.023542015768669322,95.14811884530896,1094,1000,214333870.6362784,214175961.48113838,157909.15514005465,0.11195715504113384,35338826.55022383,4654,119,334,5107,1100,689.3900000000001,613.8216509606841,0.10961625355650065,0.11257046866709768,11939.313473438562,143271.76168126275,91081521.20540276,123252349.43087563,214333870.6362784,214333870.6362784,0.3944916450736191,1.160540825025149,0
