hh_id,bracket,income_monthly,labor_share,capital_share,transfer_share,consumption_rate,savings_rate
0,Low,8841.86,0.3333,0.0005,0.6662,1.0335,-0.0335
1,Low,6686.44,0.3153,0.0132,0.6715,1.013,-0.013
2,Low,9391.26,0.3195,0.0007,0.6799,1.0758,-0.0758
3,Low,8351.36,0.2741,0.0043,0.7215,1.0817,-0.0817
4,Low,3885.45,0.282,0.0122,0.7058,1.001,-0.001
5,Low,10171.86,0.3378,0.0143,0.6479,1.0233,-0.0233
6,Low,8759.44,0.3595,0.007,0.6335,1.0145,-0.0145
7,Low,8919.88,0.3258,0.0118,0.6625,1.1095,-0.1095
8,Low,4265.66,0.316,0.0203,0.6638,1.0828,-0.0828
9,Low,6762.72,0.3228,0.012,0.6652,1.0866,-0.0866
10,Low,6225.86,0.3394,0.001,0.6596,1.0434,-0.0434
11,Low,9842.36,0.2956,0.0053,0.6991,1.0417,-0.0417
12,Low,8010.39,0.3274,0.0076,0.665,1.0314,-0.0314
13,Low,9157.43,0.2882,0.0195,0.6923,1.0914,-0.0914
14,Low,6716.55,0.2974,0.0162,0.6863,1.0569,-0.0569
15,Low,5163.39,0.343,0.0126,0.6445,1.1027,-0.1027
16,Low,7440.13,0.3437,0.016,0.6404,1.0048,-0.0048
17,Low,3477.96,0.3101,0.0059,0.684,1.1414,-0.1414
18,Low,9189.08,0.3345,0.0062,0.6593,1.0593,-0.0593
19,Low,7932.66,0.3495,0.0094,0.6412,1.037,-0.037
20,Low,8739.84,0.3157,0.0054,0.6789,1.1347,-0.1347
21,Low,6112.83,0.2917,0.0044,0.7039,1.0764,-0.0764
22,Low,10138.38,0.2975,0.0011,0.7015,1.0941,-0.0941
23,Low,9618.58,0.3487,0.0089,0.6423,1.0572,-0.0572
24,Low,8870.37,0.3307,0.01,0.6593,1.1291,-0.1291
25,Low,4891.22,0.269,0.0154,0.7156,1.0805,-0.0805
26,Low,6870.37,0.3072,0.0142,0.6786,1.0652,-0.0652
27,Low,3144.97,0.2948,0.019,0.6862,1.0395,-0.0395
28,Low,4526.14,0.3016,0.0036,0.6948,1.1306,-0.1306
29,Low,8260.04,0.2935,0.0134,0.6931,1.0229,-0.0229
30,Low,8654.35,0.3215,0.0106,0.6679,1.0796,-0.0796
31,Low,10116.74,0.2913,0.0076,0.7012,1.1394,-0.1394
32,Low,5909.9,0.3429,0.0169,0.6402,1.0087,-0.0087
33,Low,6223.53,0.3499,0.0196,0.6304,1.0729,-0.0729
34,Low,6888.98,0.2708,0.016,0.7132,1.0193,-0.0193
35,Low,4846.43,0.3182,0.0118,0.67,1.1309,-0.1309
36,Low,4284.41,0.3075,0.0045,0.688,1.1095,-0.1095
37,Low,6929.29,0.2768,0.0064,0.7168,1.0975,-0.0975
38,Low,5160.72,0.3207,0.0113,0.668,1.0337,-0.0337
39,Low,8175.7,0.309,0.0128,0.6782,1.033,-0.033
40,Low,6674.97,0.288,0.0141,0.6978,1.1358,-0.1358
41,Low,9221.93,0.3495,0.0015,0.649,1.1003,-0.1003
42,Low,8369.84,0.2805,0.0027,0.7168,1.0857,-0.0857
43,Low,5812.95,0.2991,0.0158,0.6851,1.0286,-0.0286
44,Low,9219.21,0.2852,0.0095,0.7054,1.0701,-0.0701
45,Low,9040.71,0.3121,0.013,0.6749,1.0148,-0.0148
46,Low,6340.41,0.2952,0.0069,0.6979,1.0373,-0.0373
47,Low,5636.46,0.2924,0.0098,0.6979,1.0418,-0.0418
48,Low,8256.52,0.2932,0.0197,0.6871,1.1292,-0.1292
49,Low,4384.3,0.3032,0.001,0.6958,1.1254,-0.1254
50,Low,4936.4,0.3303,0.0176,0.6521,1.0249,-0.0249
51,Low,2077.71,0.3166,0.0045,0.6788,1.0088,-0.0088
52,Low,8925.43,0.3082,0.0211,0.6707,1.1176,-0.1176
53,Low,8144.08,0.2956,0.0085,0.6959,1.1493,-0.1493
54,Low,8401.12,0.3267,0.0154,0.658,1.0445,-0.0445
55,Low,8885.48,0.3425,0.0114,0.646,1.1122,-0.1122
56,Low,6819.02,0.2787,0.0127,0.7086,1.1279,-0.1279
57,Low,7530.9,0.2976,0.0215,0.6809,1.0279,-0.0279
58,Low,4384.74,0.327,0.0143,0.6587,1.018,-0.018
59,Low,4120.38,0.3379,0.0049,0.6572,1.0929,-0.0929
60,Low,8166.71,0.3054,0.0122,0.6824,1.1402,-0.1402
61,Low,6899.09,0.2976,0.0158,0.6866,1.0594,-0.0594
62,Low,7508.44,0.3322,0.0063,0.6615,1.1128,-0.1128
63,Low,8784.24,0.2662,0.0095,0.7243,1.1494,-0.1494
64,Low,7952.12,0.2897,0.0048,0.7055,1.14,-0.14
65,Low,7433.67,0.3406,0.0177,0.6417,1.0237,-0.0237
66,Low,7469.79,0.3305,0.014,0.6555,1.1481,-0.1481
67,Low,5751.66,0.3163,0.0002,0.6836,1.0449,-0.0449
68,Low,2876.75,0.3335,0.0198,0.6467,1.0173,-0.0173
69,Low,6672.08,0.29,0.0123,0.6977,1.0907,-0.0907
70,Low,5059.73,0.3253,0.0041,0.6706,1.0396,-0.0396
71,Low,6483.29,0.2984,0.0181,0.6835,1.0138,-0.0138
72,Low,9357.23,0.3255,0.0062,0.6684,1.1157,-0.1157
73,Low,5217.38,0.3159,0.0053,0.6788,1.0828,-0.0828
74,Low,3393.07,0.3251,0.0002,0.6747,1.1325,-0.1325
75,Low,5584.59,0.329,0.0105,0.6605,1.0874,-0.0874
76,Low,5675.51,0.2948,0.0028,0.7023,1.1348,-0.1348
77,Low,8125.38,0.3179,0.0166,0.6655,1.0315,-0.0315
78,Low,7455.84,0.2879,0.0022,0.7099,1.1326,-0.1326
79,Low,8905.91,0.3164,0.0135,0.6701,1.1395,-0.1395
80,Low,8140.65,0.3244,0.0188,0.6567,1.1322,-0.1322
81,Low,6468.83,0.2804,0.0164,0.7032,1.1396,-0.1396
82,Low,9100.68,0.321,0.0168,0.6622,1.04,-0.04
83,Low,4644.98,0.3229,0.0021,0.675,1.1288,-0.1288
84,Low,2671.47,0.2913,0.0175,0.6912,1.0458,-0.0458
85,Low,3834.67,0.3519,0.0049,0.6432,1.029,-0.029
86,Low,8510.95,0.2837,0.0173,0.6989,1.0419,-0.0419
87,Low,6838.52,0.3079,0.0078,0.6843,1.0804,-0.0804
88,Low,4592.09,0.3297,0.0022,0.6681,1.0268,-0.0268
89,Low,7094.55,0.3598,0.0055,0.6347,1.0652,-0.0652
90,Low,4507.22,0.3262,0.0063,0.6675,1.0767,-0.0767
91,Low,8344.67,0.3117,0.0125,0.6758,1.1063,-0.1063
92,Low,6734.73,0.2712,0.0201,0.7088,1.1079,-0.1079
93,Low,6296.22,0.3328,0.0138,0.6534,1.0105,-0.0105
94,Low,5733.81,0.3315,0.0069,0.6615,1.1272,-0.1272
95,Low,7923.86,0.3358,0.0063,0.658,1.0613,-0.0613
96,Low,6163.61,0.3193,0.0065,0.6742,1.0631,-0.0631
97,Low,3804.62,0.3283,0.0129,0.6588,1.0923,-0.0923
98,Low,4158.33,0.3143,0.0123,0.6734,1.043,-0.043
99,Low,10078.71,0.302,0.012,0.686,1.0697,-0.0697
100,Low,9721.12,0.3111,0.0045,0.6844,1.1352,-0.1352
101,Low,8366.28,0.3501,0.0036,0.6463,1.0773,-0.0773
102,Low,5467.13,0.3127,0.0067,0.6806,1.1127,-0.1127
103,Low,10128.05,0.3369,0.0048,0.6583,1.0037,-0.0037
104,Low,8872.73,0.2833,0.0098,0.7069,1.0109,-0.0109
105,Low,8476.0,0.3156,0.0136,0.6708,1.1045,-0.1045
106,Low,6755.94,0.3087,0.005,0.6862,1.0008,-0.0008
107,Low,5515.65,0.3418,0.0162,0.642,1.0638,-0.0638
108,Low,3912.19,0.2851,0.0204,0.6945,1.0075,-0.0075
109,Low,9681.41,0.2932,0.0181,0.6887,1.1202,-0.1202
110,Low,6798.32,0.318,0.0198,0.6622,1.1425,-0.1425
111,Low,4957.28,0.3314,0.012,0.6566,1.0757,-0.0757
112,Low,5766.32,0.3222,0.0106,0.6672,1.1115,-0.1115
113,Low,7597.97,0.3208,0.0056,0.6736,1.0956,-0.0956
114,Low,4734.09,0.3267,0.0104,0.6629,1.0412,-0.0412
115,Low,9378.26,0.2894,0.0064,0.7042,1.048,-0.048
116,Low,8742.61,0.3269,0.003,0.6701,1.1041,-0.1041
117,Low,8492.44,0.3331,0.0013,0.6656,1.0814,-0.0814
118,Low,6641.28,0.3109,0.0044,0.6846,1.1357,-0.1357
119,Low,7904.91,0.306,0.0138,0.6802,1.1148,-0.1148
120,Low,7629.17,0.312,0.0001,0.6879,1.113,-0.113
121,Low,8048.5,0.3366,0.0191,0.6443,1.1121,-0.1121
122,Low,3763.77,0.3245,0.0129,0.6627,1.0329,-0.0329
123,Low,6532.29,0.3164,0.0006,0.6829,1.1019,-0.1019
124,Low,3103.49,0.3088,0.0035,0.6877,1.0191,-0.0191
125,Low,7048.68,0.3279,0.0006,0.6715,1.0847,-0.0847
126,Low,5938.74,0.2875,0.0146,0.6979,1.0693,-0.0693
127,Low,4431.58,0.2886,0.0086,0.7029,1.049,-0.049
128,Low,3994.86,0.3232,0.0075,0.6692,1.1248,-0.1248
129,Low,7651.84,0.3132,0.0019,0.685,1.0809,-0.0809
130,Low,4678.16,0.3425,0.0068,0.6507,1.1172,-0.1172
131,Low,9831.37,0.3074,0.0147,0.6779,1.0299,-0.0299
132,Low,7609.75,0.2905,0.0035,0.706,1.1004,-0.1004
133,Low,6059.17,0.3124,0.0044,0.6831,1.115,-0.115
134,Low,7672.74,0.2797,0.0127,0.7075,1.0172,-0.0172
135,Low,2674.03,0.345,0.0201,0.6349,1.0039,-0.0039
136,Low,10056.13,0.2839,0.0137,0.7024,1.0595,-0.0595
137,Low,6972.46,0.3241,0.0015,0.6744,1.0941,-0.0941
138,Low,8898.41,0.2708,0.0161,0.7131,1.0901,-0.0901
139,Low,3741.58,0.273,0.0205,0.7065,1.0521,-0.0521
140,Low,7000.89,0.308,0.0078,0.6842,1.0512,-0.0512
141,Low,7027.29,0.3482,0.0171,0.6347,1.1441,-0.1441
142,Low,9916.47,0.3133,0.0166,0.6702,1.0653,-0.0653
143,Low,7550.03,0.3335,0.0199,0.6466,1.1212,-0.1212
144,Low,6914.78,0.3175,0.0101,0.6724,1.1097,-0.1097
145,Low,5475.58,0.2834,0.0174,0.6992,1.013,-0.013
146,Low,5950.91,0.3417,0.0049,0.6533,1.0915,-0.0915
147,Low,7221.73,0.2957,0.0006,0.7037,1.0273,-0.0273
148,Low,6686.66,0.2944,0.0173,0.6883,1.132,-0.132
149,Low,2640.2,0.3455,0.006,0.6486,1.1422,-0.1422
150,Low,9180.37,0.2805,0.0156,0.7039,1.1137,-0.1137
151,Low,9638.71,0.3252,0.0132,0.6616,1.1189,-0.1189
152,Low,4389.25,0.278,0.0048,0.7173,1.0459,-0.0459
153,Low,7436.61,0.3175,0.0098,0.6728,1.0638,-0.0638
154,Low,4054.02,0.3241,0.0066,0.6693,1.0406,-0.0406
155,Low,8191.16,0.3068,0.0027,0.6905,1.0179,-0.0179
156,Low,5583.47,0.3239,0.0163,0.6599,1.0325,-0.0325
157,Low,8109.5,0.2953,0.0143,0.6904,1.0787,-0.0787
158,Low,8540.59,0.3093,0.0022,0.6884,1.0341,-0.0341
159,Low,8807.7,0.2907,0.0003,0.709,1.0411,-0.0411
160,Low,4044.57,0.3379,0.0108,0.6513,1.0189,-0.0189
161,Low,9770.58,0.3258,0.0095,0.6647,1.0861,-0.0861
162,Low,5187.43,0.3213,0.0095,0.6692,1.0077,-0.0077
163,Low,3020.06,0.3322,0.0092,0.6586,1.0601,-0.0601
164,Low,7441.85,0.2941,0.0144,0.6916,1.0224,-0.0224
165,Low,6226.72,0.3027,0.006,0.6913,1.0178,-0.0178
166,Low,9203.13,0.3208,0.0119,0.6673,1.0339,-0.0339
167,Low,9063.29,0.3163,0.0094,0.6742,1.129,-0.129
168,Low,5847.47,0.3431,0.006,0.6509,1.0914,-0.0914
169,Low,10017.9,0.3362,0.0197,0.6441,1.0317,-0.0317
170,Low,5655.69,0.3374,0.0034,0.6592,1.0113,-0.0113
171,Low,7185.41,0.2724,0.0098,0.7178,1.0437,-0.0437
172,Low,5390.88,0.2852,0.0148,0.7,1.0681,-0.0681
173,Low,9904.51,0.3137,0.0182,0.6681,1.0938,-0.0938
174,Low,4623.14,0.3235,0.0191,0.6574,1.0817,-0.0817
175,Low,3165.47,0.3099,0.0179,0.6722,1.0107,-0.0107
176,Low,6661.29,0.2813,0.0065,0.7122,1.0854,-0.0854
177,Low,10286.21,0.2935,0.0026,0.7039,1.105,-0.105
178,Low,9609.03,0.343,0.01,0.647,1.0121,-0.0121
179,Low,8679.01,0.2838,0.0097,0.7065,1.0376,-0.0376
180,Low,9603.18,0.2694,0.02,0.7106,1.0863,-0.0863
181,Low,9620.74,0.3343,0.0194,0.6464,1.0404,-0.0404
182,Low,7210.0,0.2773,0.0165,0.7062,1.0977,-0.0977
183,Low,5838.73,0.3403,0.0036,0.6561,1.0952,-0.0952
184,Low,8829.35,0.3197,0.002,0.6784,1.05,-0.05
185,Low,8123.76,0.3278,0.0177,0.6545,1.1041,-0.1041
186,Low,6245.59,0.2848,0.0193,0.6959,1.0825,-0.0825
187,Low,3888.96,0.3163,0.0067,0.6769,1.1455,-0.1455
188,Low,8667.35,0.2906,0.0103,0.6991,1.0986,-0.0986
189,Low,5441.0,0.3267,0.0089,0.6644,1.0543,-0.0543
190,Low,9909.67,0.3211,0.0123,0.6666,1.0305,-0.0305
191,Low,5273.4,0.3152,0.0192,0.6656,1.1047,-0.1047
192,Low,4209.32,0.2781,0.0207,0.7012,1.0359,-0.0359
193,Low,9211.74,0.2852,0.0118,0.703,1.014,-0.014
194,Low,4516.54,0.3445,0.018,0.6375,1.0176,-0.0176
195,Low,4756.43,0.3283,0.0098,0.6618,1.0763,-0.0763
196,Low,7726.81,0.2796,0.0168,0.7036,1.0366,-0.0366
197,Low,9496.11,0.3036,0.0076,0.6888,1.0762,-0.0762
198,Low,4906.68,0.3438,0.0176,0.6386,1.1185,-0.1185
199,Low,5798.12,0.3033,0.0194,0.6772,1.1231,-0.1231
200,Low,8864.06,0.2951,0.0063,0.6985,1.1498,-0.1498
201,Low,10146.05,0.3128,0.0031,0.6841,1.0518,-0.0518
202,Low,7092.58,0.3174,0.0113,0.6713,1.0483,-0.0483
203,Low,4425.41,0.286,0.0148,0.6991,1.035,-0.035
204,Low,2386.39,0.3266,0.0009,0.6725,1.1058,-0.1058
205,Low,5182.93,0.3294,0.0077,0.6629,1.1231,-0.1231
206,Low,4304.0,0.3619,0.0103,0.6278,1.0753,-0.0753
207,Low,8225.69,0.3048,0.0172,0.678,1.066,-0.066
208,Low,4199.47,0.3075,0.0093,0.6832,1.0615,-0.0615
209,Low,7128.86,0.3267,0.0032,0.6701,1.1454,-0.1454
210,Low,8331.55,0.2949,0.0144,0.6908,1.1278,-0.1278
211,Low,7610.11,0.3385,0.0174,0.6442,1.0475,-0.0475
212,Low,4935.27,0.3142,0.0148,0.6709,1.0054,-0.0054
213,Low,9036.57,0.2671,0.0131,0.7198,1.1496,-0.1496
214,Low,8466.52,0.3442,0.0092,0.6466,1.0951,-0.0951
215,Low,8617.33,0.3321,0.0087,0.6592,1.1355,-0.1355
216,Low,4296.14,0.2829,0.0177,0.6994,1.0562,-0.0562
217,Low,4219.89,0.2839,0.0114,0.7047,1.1189,-0.1189
218,Low,9847.7,0.2794,0.0017,0.719,1.093,-0.093
219,Low,6409.18,0.3023,0.0201,0.6776,1.0692,-0.0692
220,Low,5729.68,0.3124,0.0058,0.6818,1.1207,-0.1207
221,Low,7013.45,0.3508,0.014,0.6352,1.0663,-0.0663
222,Low,8131.42,0.2964,0.0122,0.6914,1.0636,-0.0636
223,Low,10036.29,0.3016,0.0185,0.6799,1.0577,-0.0577
224,Low,5622.45,0.3107,0.0049,0.6844,1.0862,-0.0862
225,Low,9829.28,0.3317,0.0056,0.6627,1.0987,-0.0987
226,Low,2729.84,0.2898,0.0118,0.6984,1.1117,-0.1117
227,Low,7444.06,0.2781,0.0132,0.7087,1.1356,-0.1356
228,Low,7947.39,0.2917,0.0167,0.6916,1.0528,-0.0528
229,Low,4023.57,0.3156,0.0125,0.6719,1.1081,-0.1081
230,Low,4390.16,0.3173,0.0168,0.6658,1.1355,-0.1355
231,Low,6554.5,0.3261,0.0064,0.6675,1.0869,-0.0869
232,Low,10108.08,0.3386,0.0019,0.6595,1.1121,-0.1121
233,Low,7705.49,0.2895,0.0029,0.7076,1.1457,-0.1457
234,Low,9884.26,0.3018,0.0182,0.6801,1.0385,-0.0385
235,Low,9038.1,0.3251,0.0094,0.6655,1.112,-0.112
236,Low,6874.71,0.2889,0.0023,0.7087,1.0211,-0.0211
237,Low,8911.49,0.3345,0.0166,0.6489,1.147,-0.147
238,Low,2524.36,0.3469,0.0161,0.637,1.1186,-0.1186
239,Low,4060.43,0.277,0.0118,0.7112,1.1009,-0.1009
240,Low,9200.78,0.3137,0.0116,0.6747,1.141,-0.141
241,Low,8989.3,0.3005,0.0054,0.6941,1.1326,-0.1326
242,Low,5206.96,0.3234,0.0193,0.6572,1.0095,-0.0095
243,Low,7286.92,0.3389,0.0185,0.6426,1.0612,-0.0612
244,Low,7769.14,0.289,0.0207,0.6903,1.0739,-0.0739
245,Low,9451.24,0.2915,0.0199,0.6886,1.068,-0.068
246,Low,7750.58,0.3089,0.0145,0.6767,1.0629,-0.0629
247,Low,6510.53,0.3347,0.0032,0.6621,1.0149,-0.0149
248,Low,6249.22,0.2983,0.0081,0.6936,1.0049,-0.0049
249,Low,6599.82,0.2897,0.0089,0.7014,1.1283,-0.1283
250,Low,8061.77,0.2801,0.0148,0.7051,1.1467,-0.1467
251,Low,9449.61,0.3132,0.0087,0.6781,1.0183,-0.0183
252,Low,6785.91,0.3314,0.009,0.6596,1.0963,-0.0963
253,Low,5327.54,0.3132,0.0004,0.6864,1.0365,-0.0365
254,Low,5239.14,0.2981,0.0128,0.689,1.1148,-0.1148
255,Low,8662.38,0.2814,0.0045,0.7141,1.0493,-0.0493
256,Low,9117.21,0.2998,0.0204,0.6798,1.1288,-0.1288
257,Low,4016.47,0.2964,0.0029,0.7006,1.0262,-0.0262
258,Low,3518.63,0.3443,0.0006,0.6551,1.1185,-0.1185
259,Low,7695.21,0.305,0.0072,0.6878,1.0079,-0.0079
260,Low,4447.75,0.3212,0.0104,0.6684,1.0714,-0.0714
261,Low,9169.79,0.3454,0.0108,0.6438,1.0756,-0.0756
262,Low,5798.2,0.3366,0.0008,0.6626,1.13,-0.13
263,Low,4425.16,0.2998,0.0091,0.6911,1.0091,-0.0091
264,Low,9803.65,0.3057,0.0082,0.6861,1.0735,-0.0735
265,Low,4631.69,0.3587,0.0015,0.6397,1.0912,-0.0912
266,Low,5609.56,0.2773,0.0059,0.7168,1.0823,-0.0823
267,Low,4519.68,0.2957,0.0208,0.6835,1.0681,-0.0681
268,Low,4130.92,0.316,0.002,0.682,1.1279,-0.1279
269,Low,2626.7,0.3143,0.0153,0.6704,1.0323,-0.0323
270,Low,3346.47,0.3161,0.0049,0.679,1.068,-0.068
271,Low,4714.9,0.3115,0.002,0.6865,1.0998,-0.0998
272,Low,3313.36,0.2925,0.0031,0.7044,1.0101,-0.0101
273,Low,7674.2,0.3527,0.002,0.6453,1.1108,-0.1108
274,Low,8245.16,0.3309,0.0111,0.658,1.0842,-0.0842
275,Low,6382.35,0.3073,0.0027,0.69,1.0998,-0.0998
276,Low,5853.62,0.3204,0.0171,0.6625,1.1453,-0.1453
277,Low,7117.16,0.318,0.0072,0.6748,1.0319,-0.0319
278,Low,9499.02,0.3391,0.0048,0.6561,1.1268,-0.1268
279,Low,9342.37,0.2989,0.0159,0.6852,1.1211,-0.1211
280,Low,3138.82,0.3229,0.0188,0.6582,1.092,-0.092
281,Low,4776.28,0.3119,0.0005,0.6876,1.1244,-0.1244
282,Low,5239.8,0.2911,0.0038,0.7051,1.0463,-0.0463
283,Low,5339.66,0.2924,0.0001,0.7074,1.0849,-0.0849
284,Low,7546.86,0.3034,0.003,0.6937,1.0046,-0.0046
285,Low,6535.35,0.3343,0.0044,0.6612,1.0511,-0.0511
286,Low,3243.16,0.2931,0.0147,0.6921,1.0851,-0.0851
287,Low,6245.29,0.2953,0.0012,0.7035,1.0927,-0.0927
288,Low,7241.63,0.3209,0.0055,0.6736,1.0728,-0.0728
289,Low,3974.72,0.3017,0.0056,0.6927,1.0171,-0.0171
290,Low,9227.02,0.3031,0.0059,0.691,1.073,-0.073
291,Low,3289.58,0.3309,0.0009,0.6682,1.0899,-0.0899
292,Low,9829.51,0.2856,0.0069,0.7075,1.0206,-0.0206
293,Low,3944.64,0.3121,0.0074,0.6805,1.1121,-0.1121
294,Low,9292.99,0.283,0.008,0.709,1.075,-0.075
295,Low,9681.75,0.3484,0.0169,0.6347,1.1293,-0.1293
296,Low,10198.74,0.2685,0.0004,0.7311,1.1293,-0.1293
297,Low,9022.99,0.3107,0.0116,0.6777,1.0627,-0.0627
298,Low,8877.41,0.2924,0.0005,0.7071,1.1202,-0.1202
299,Low,8001.59,0.3056,0.0163,0.6781,1.0132,-0.0132
300,Low,8874.31,0.3351,0.0049,0.6601,1.0786,-0.0786
301,Low,4331.89,0.3115,0.0067,0.6819,1.05,-0.05
302,Low,7321.06,0.3003,0.0115,0.6882,1.0765,-0.0765
303,Low,7180.01,0.3338,0.0068,0.6593,1.1228,-0.1228
304,Low,9384.54,0.3486,0.005,0.6464,1.0296,-0.0296
305,Low,6844.59,0.3131,0.0153,0.6716,1.0266,-0.0266
306,Low,6324.08,0.3232,0.0098,0.667,1.114,-0.114
307,Low,7982.99,0.3041,0.0191,0.6769,1.0953,-0.0953
308,Low,5471.67,0.3148,0.0174,0.6678,1.0226,-0.0226
309,Low,4384.46,0.2867,0.0099,0.7035,1.0412,-0.0412
310,Low,6943.51,0.285,0.0113,0.7037,1.0678,-0.0678
311,Low,6539.56,0.2906,0.0189,0.6905,1.1296,-0.1296
312,Low,5206.39,0.336,0.0123,0.6517,1.0694,-0.0694
313,Low,6203.14,0.3022,0.0157,0.6822,1.0675,-0.0675
314,Low,6195.39,0.3391,0.0134,0.6476,1.0713,-0.0713
315,Low,5921.85,0.3024,0.0014,0.6962,1.1349,-0.1349
316,Low,6285.53,0.2996,0.0151,0.6853,1.0259,-0.0259
317,Low,8277.22,0.2963,0.0094,0.6943,1.0784,-0.0784
318,Low,5699.74,0.2949,0.0083,0.6968,1.0613,-0.0613
319,Low,9990.65,0.2912,0.0123,0.6965,1.0971,-0.0971
320,Low,9772.82,0.277,0.002,0.721,1.0426,-0.0426
321,Low,6963.35,0.3142,0.0128,0.673,1.131,-0.131
322,Low,5928.03,0.3117,0.0128,0.6755,1.0525,-0.0525
323,Low,7316.99,0.3468,0.014,0.6392,1.0893,-0.0893
324,Low,9325.56,0.3481,0.0063,0.6456,1.1187,-0.1187
325,Low,8065.95,0.3224,0.013,0.6645,1.1108,-0.1108
326,Low,9038.3,0.3206,0.0106,0.6688,1.0635,-0.0635
327,Low,7299.51,0.314,0.008,0.6781,1.0321,-0.0321
328,Low,7940.65,0.3528,0.01,0.6372,1.0206,-0.0206
329,Low,5635.18,0.2913,0.0191,0.6896,1.1156,-0.1156
330,Low,8591.14,0.3492,0.0185,0.6323,1.0505,-0.0505
331,Low,4957.63,0.3378,0.0027,0.6595,1.0243,-0.0243
332,Low,8334.96,0.3236,0.015,0.6614,1.0248,-0.0248
333,Low,9405.16,0.303,0.0085,0.6886,1.0356,-0.0356
334,Low,4306.88,0.302,0.0058,0.6922,1.0673,-0.0673
335,Low,7822.49,0.3063,0.0062,0.6874,1.0704,-0.0704
336,Low,3896.58,0.3221,0.0071,0.6708,1.1477,-0.1477
337,Low,8532.41,0.3151,0.006,0.6789,1.0791,-0.0791
338,Low,3764.4,0.3323,0.0157,0.652,1.0208,-0.0208
339,Low,9903.81,0.282,0.0131,0.7049,1.0832,-0.0832
340,Low,4360.79,0.2705,0.0176,0.712,1.0428,-0.0428
341,Low,10058.3,0.3192,0.0053,0.6755,1.0221,-0.0221
342,Low,9015.6,0.3142,0.0202,0.6655,1.0677,-0.0677
343,Low,7690.41,0.3199,0.0006,0.6795,1.0753,-0.0753
344,Low,8897.69,0.2939,0.0214,0.6848,1.0042,-0.0042
345,Low,8978.3,0.3348,0.0164,0.6489,1.1187,-0.1187
346,Low,9971.59,0.2769,0.006,0.7171,1.1044,-0.1044
347,Low,5370.84,0.2859,0.0153,0.6988,1.0008,-0.0008
348,Low,7667.38,0.2725,0.0054,0.7221,1.0823,-0.0823
349,Low,3896.02,0.3417,0.0112,0.6471,1.0432,-0.0432
350,Low,7833.88,0.3035,0.001,0.6955,1.1191,-0.1191
351,Low,4684.52,0.2992,0.0022,0.6986,1.0895,-0.0895
352,Low,7506.61,0.284,0.0116,0.7044,1.0215,-0.0215
353,Low,7554.53,0.3152,0.0132,0.6716,1.0625,-0.0625
354,Low,6865.53,0.3116,0.0017,0.6867,1.0102,-0.0102
355,Low,7234.39,0.2991,0.01,0.6908,1.0831,-0.0831
356,Low,8777.33,0.3005,0.0098,0.6898,1.1472,-0.1472
357,Low,9005.0,0.2885,0.0003,0.7112,1.0517,-0.0517
358,Low,7036.71,0.3191,0.0124,0.6685,1.1103,-0.1103
359,Low,7728.16,0.3017,0.0009,0.6973,1.122,-0.122
360,Low,9872.28,0.2878,0.0168,0.6955,1.1043,-0.1043
361,Low,4176.98,0.3347,0.0173,0.648,1.1164,-0.1164
362,Low,4148.53,0.3264,0.0065,0.6671,1.0299,-0.0299
363,Low,3805.37,0.275,0.0202,0.7048,1.1484,-0.1484
364,Low,8099.56,0.309,0.0051,0.6858,1.0287,-0.0287
365,Low,6551.1,0.2892,0.0158,0.695,1.0498,-0.0498
366,Low,8844.21,0.2737,0.0077,0.7186,1.1115,-0.1115
367,Low,8184.73,0.325,0.0074,0.6676,1.0744,-0.0744
368,Low,5965.63,0.309,0.0191,0.672,1.1202,-0.1202
369,Low,9653.32,0.3278,0.0016,0.6706,1.1234,-0.1234
370,Low,8768.39,0.3314,0.007,0.6616,1.0991,-0.0991
371,Low,5502.69,0.3001,0.0129,0.6871,1.1035,-0.1035
372,Low,6180.14,0.2931,0.0009,0.7061,1.0529,-0.0529
373,Low,5827.96,0.3321,0.0052,0.6627,1.1422,-0.1422
374,Low,4557.68,0.284,0.0141,0.7019,1.1202,-0.1202
375,Low,4463.46,0.3342,0.02,0.6457,1.0911,-0.0911
376,Low,9905.07,0.3507,0.0007,0.6485,1.1168,-0.1168
377,Low,6679.97,0.3014,0.0081,0.6906,1.0908,-0.0908
378,Low,6311.97,0.3264,0.0195,0.6542,1.1145,-0.1145
379,Low,8557.81,0.3209,0.0111,0.668,1.0974,-0.0974
380,Low,7429.91,0.2892,0.0024,0.7084,1.0749,-0.0749
381,Low,9905.15,0.3117,0.0121,0.6761,1.039,-0.039
382,Low,8882.72,0.3124,0.0211,0.6665,1.1375,-0.1375
383,Low,6953.28,0.3031,0.0025,0.6944,1.0678,-0.0678
384,Low,6264.2,0.3549,0.0093,0.6358,1.1023,-0.1023
385,Low,10246.92,0.3429,0.0066,0.6506,1.0097,-0.0097
386,Low,8481.56,0.302,0.0177,0.6803,1.1068,-0.1068
387,Low,10006.4,0.3312,0.0123,0.6565,1.0763,-0.0763
388,Low,4163.44,0.2979,0.0046,0.6976,1.1186,-0.1186
389,Low,9338.46,0.2805,0.0123,0.7072,1.1205,-0.1205
390,Low,7967.13,0.3295,0.0132,0.6572,1.0464,-0.0464
391,Low,4200.42,0.3441,0.0141,0.6417,1.1154,-0.1154
392,Low,7655.76,0.3223,0.0014,0.6762,1.0964,-0.0964
393,Low,8279.47,0.3128,0.0144,0.6728,1.1317,-0.1317
394,Low,2320.95,0.342,0.0133,0.6446,1.1449,-0.1449
395,Low,6788.69,0.3198,0.0199,0.6603,1.0186,-0.0186
396,Low,9174.57,0.2945,0.0037,0.7018,1.1064,-0.1064
397,Low,5688.55,0.2866,0.019,0.6944,1.1269,-0.1269
398,Low,6816.59,0.2917,0.0135,0.6948,1.0188,-0.0188
399,Low,6709.25,0.2978,0.0113,0.6909,1.0253,-0.0253
400,Middle,12577.11,0.8159,0.0238,0.1603,0.956,0.044
401,Middle,19434.62,0.8008,0.0447,0.1545,0.9613,0.0387
402,Middle,17431.83,0.8023,0.0228,0.1749,0.9488,0.0512
403,Middle,11116.81,0.8153,0.043,0.1417,0.9519,0.0481
404,Middle,20818.05,0.8266,0.0401,0.1333,0.9678,0.0322
405,Middle,18815.52,0.7897,0.0437,0.1667,0.9349,0.0651
406,Middle,12432.0,0.8204,0.0236,0.156,0.9442,0.0558
407,Middle,18191.99,0.8197,0.0406,0.1397,0.9559,0.0441
408,Middle,11086.72,0.7719,0.043,0.1852,0.9265,0.0735
409,Middle,20857.51,0.8234,0.0386,0.138,0.9433,0.0567
410,Middle,16025.22,0.85,0.03,0.12,0.9345,0.0655
411,Middle,15850.87,0.8284,0.0404,0.1312,0.9633,0.0367
412,Middle,10972.0,0.8033,0.0313,0.1655,0.9356,0.0644
413,Middle,19091.67,0.8159,0.0345,0.1496,0.9449,0.0551
414,Middle,10538.89,0.7839,0.0208,0.1953,0.9453,0.0547
415,Middle,12092.08,0.8396,0.0262,0.1342,0.9225,0.0775
416,Middle,11353.07,0.7905,0.0459,0.1636,0.9435,0.0565
417,Middle,17372.61,0.81,0.0458,0.1442,0.9641,0.0359
418,Middle,11764.78,0.8209,0.0428,0.1363,0.94,0.06
419,Middle,19308.11,0.8167,0.0261,0.1572,0.9237,0.0763
420,Middle,15919.34,0.8241,0.0442,0.1317,0.9695,0.0305
421,Middle,10588.77,0.7872,0.0227,0.1901,0.9397,0.0603
422,Middle,10375.84,0.7873,0.0286,0.184,0.9577,0.0423
423,Middle,10697.2,0.806,0.0369,0.157,0.9223,0.0777
424,Middle,15372.05,0.8115,0.0319,0.1566,0.9428,0.0572
425,Middle,17700.66,0.8281,0.0362,0.1357,0.9507,0.0493
426,Middle,12074.39,0.7741,0.0502,0.1757,0.935,0.065
427,Middle,18372.04,0.7982,0.0457,0.1561,0.9554,0.0446
428,Middle,10736.39,0.8114,0.0463,0.1423,0.9537,0.0463
429,Middle,17693.66,0.7961,0.0352,0.1687,0.9563,0.0437
430,Middle,19588.62,0.8295,0.0211,0.1494,0.9684,0.0316
431,Middle,17312.03,0.8047,0.0421,0.1533,0.9561,0.0439
432,Middle,16399.22,0.8113,0.0252,0.1635,0.951,0.049
433,Middle,18207.44,0.8125,0.0238,0.1637,0.9216,0.0784
434,Middle,10616.61,0.8709,0.024,0.105,0.9357,0.0643
435,Middle,11791.93,0.8081,0.043,0.1489,0.9587,0.0413
436,Middle,11220.74,0.793,0.0435,0.1635,0.9231,0.0769
437,Middle,14354.18,0.8279,0.0284,0.1436,0.9531,0.0469
438,Middle,16969.56,0.8454,0.031,0.1236,0.9656,0.0344
439,Middle,15630.05,0.7905,0.0309,0.1786,0.956,0.044
440,Middle,18397.1,0.8014,0.0402,0.1585,0.9296,0.0704
441,Middle,11442.93,0.8295,0.0393,0.1312,0.9686,0.0314
442,Middle,16838.48,0.8392,0.0309,0.1299,0.9552,0.0448
443,Middle,11725.71,0.7774,0.0303,0.1923,0.9598,0.0402
444,Middle,12327.22,0.8025,0.0244,0.1731,0.939,0.061
445,Middle,16538.82,0.7794,0.0409,0.1796,0.9602,0.0398
446,Middle,20503.49,0.7957,0.0292,0.1751,0.9373,0.0627
447,Middle,15431.63,0.8189,0.0286,0.1525,0.9301,0.0699
448,Middle,10717.17,0.787,0.047,0.1661,0.9269,0.0731
449,Middle,15482.44,0.8337,0.0386,0.1276,0.9535,0.0465
450,Middle,10631.98,0.8476,0.0413,0.1111,0.9407,0.0593
451,Middle,18891.27,0.8042,0.0225,0.1733,0.9203,0.0797
452,Middle,16534.92,0.8102,0.0482,0.1416,0.9668,0.0332
453,Middle,11576.09,0.8445,0.0346,0.1209,0.9682,0.0318
454,Middle,10981.16,0.7726,0.0389,0.1885,0.9245,0.0755
455,Middle,11654.06,0.7949,0.0355,0.1696,0.9668,0.0332
456,Middle,20500.23,0.7976,0.0239,0.1784,0.9288,0.0712
457,Middle,13924.32,0.8162,0.0484,0.1354,0.9448,0.0552
458,Middle,17468.48,0.7775,0.045,0.1775,0.9638,0.0362
459,Middle,15699.73,0.8356,0.0412,0.1232,0.9691,0.0309
460,Middle,15024.02,0.7924,0.0506,0.1571,0.9447,0.0553
461,Middle,11368.57,0.8144,0.0439,0.1417,0.9296,0.0704
462,Middle,19896.46,0.8168,0.0267,0.1565,0.9329,0.0671
463,Middle,12572.37,0.7765,0.0425,0.1809,0.9484,0.0516
464,Middle,15081.37,0.7966,0.0244,0.1791,0.9649,0.0351
465,Middle,16418.71,0.8524,0.0363,0.1113,0.9535,0.0465
466,Middle,15840.97,0.8307,0.0262,0.1431,0.9324,0.0676
467,Middle,19803.66,0.7931,0.0277,0.1792,0.9677,0.0323
468,Middle,11392.92,0.8453,0.0452,0.1096,0.9527,0.0473
469,Middle,14390.74,0.8597,0.0229,0.1173,0.9353,0.0647
470,Middle,13436.27,0.7788,0.0346,0.1867,0.9552,0.0448
471,Middle,14068.28,0.7841,0.0236,0.1923,0.9348,0.0652
472,Middle,11179.28,0.8529,0.0279,0.1191,0.9277,0.0723
473,Middle,11287.63,0.8211,0.038,0.1409,0.9475,0.0525
474,Middle,12385.4,0.7974,0.0361,0.1665,0.9309,0.0691
475,Middle,12599.63,0.7711,0.0424,0.1864,0.9241,0.0759
476,Middle,13647.17,0.8422,0.0436,0.1143,0.9482,0.0518
477,Middle,15425.71,0.8018,0.0386,0.1596,0.9486,0.0514
478,Middle,15680.3,0.8079,0.0315,0.1606,0.9258,0.0742
479,Middle,13504.53,0.8402,0.0409,0.119,0.9455,0.0545
480,Middle,13477.9,0.8179,0.0331,0.149,0.9428,0.0572
481,Middle,11912.88,0.7789,0.0349,0.1862,0.9562,0.0438
482,Middle,15187.54,0.7828,0.0441,0.1731,0.9489,0.0511
483,Middle,12700.23,0.8466,0.034,0.1194,0.9697,0.0303
484,Middle,10588.05,0.7965,0.0208,0.1826,0.9216,0.0784
485,Middle,13562.7,0.7826,0.0426,0.1747,0.9689,0.0311
486,Middle,14067.95,0.7784,0.0312,0.1904,0.9391,0.0609
487,Middle,11974.11,0.8192,0.0462,0.1346,0.9541,0.0459
488,Middle,15024.47,0.802,0.0355,0.1625,0.9374,0.0626
489,Middle,14956.47,0.8025,0.0377,0.1598,0.9564,0.0436
490,Middle,16444.98,0.8632,0.0225,0.1143,0.9349,0.0651
491,Middle,15826.73,0.8118,0.0361,0.1521,0.9612,0.0388
492,Middle,15876.53,0.8307,0.0326,0.1368,0.9669,0.0331
493,Middle,12693.46,0.801,0.0228,0.1762,0.941,0.059
494,Middle,17512.75,0.8481,0.0477,0.1042,0.9303,0.0697
495,Middle,14789.35,0.8079,0.0223,0.1698,0.9552,0.0448
496,Middle,13678.58,0.8054,0.045,0.1496,0.9317,0.0683
497,Middle,15586.74,0.8359,0.0497,0.1144,0.9452,0.0548
498,Middle,13063.18,0.7816,0.0446,0.1738,0.9359,0.0641
499,Middle,14432.86,0.8246,0.0409,0.1345,0.9351,0.0649
500,Middle,16864.19,0.8252,0.043,0.1318,0.935,0.065
501,Middle,18926.05,0.7618,0.0488,0.1894,0.9656,0.0344
502,Middle,19477.42,0.8167,0.033,0.1503,0.9686,0.0314
503,Middle,14345.61,0.7942,0.0378,0.168,0.9359,0.0641
504,Middle,14505.63,0.83,0.0257,0.1443,0.9577,0.0423
505,Middle,17678.91,0.8196,0.0467,0.1337,0.9554,0.0446
506,Middle,12679.03,0.8031,0.0459,0.1511,0.9684,0.0316
507,Middle,18198.91,0.8445,0.0252,0.1303,0.9302,0.0698
508,Middle,14255.46,0.7781,0.0455,0.1764,0.9246,0.0754
509,Middle,11154.91,0.8435,0.0264,0.1301,0.9537,0.0463
510,Middle,10841.13,0.8308,0.0474,0.1218,0.9581,0.0419
511,Middle,18264.9,0.8166,0.0365,0.1469,0.9635,0.0365
512,Middle,10724.68,0.8391,0.0522,0.1088,0.9669,0.0331
513,Middle,12405.64,0.7911,0.022,0.1869,0.9439,0.0561
514,Middle,12841.05,0.83,0.0409,0.1291,0.9658,0.0342
515,Middle,11575.1,0.8162,0.0439,0.1399,0.9467,0.0533
516,Middle,12674.48,0.8144,0.0289,0.1568,0.9449,0.0551
517,Middle,16938.44,0.7946,0.0517,0.1537,0.962,0.038
518,Middle,10439.66,0.8299,0.0307,0.1394,0.9481,0.0519
519,Middle,18054.46,0.8369,0.0264,0.1367,0.9667,0.0333
520,Middle,18476.37,0.8454,0.034,0.1206,0.9365,0.0635
521,Middle,13161.76,0.8017,0.0458,0.1525,0.9527,0.0473
522,Middle,11431.1,0.7959,0.027,0.1771,0.9683,0.0317
523,Middle,15318.45,0.8431,0.036,0.121,0.9597,0.0403
524,Middle,11182.58,0.8011,0.0435,0.1555,0.9658,0.0342
525,Middle,13099.28,0.8471,0.0413,0.1115,0.9217,0.0783
526,Middle,20112.09,0.795,0.0461,0.1589,0.9582,0.0418
527,Middle,20788.24,0.8245,0.0472,0.1283,0.9554,0.0446
528,Middle,17311.99,0.8132,0.0381,0.1487,0.9509,0.0491
529,Middle,12650.54,0.8138,0.0384,0.1478,0.9444,0.0556
530,Middle,16277.06,0.845,0.0411,0.1139,0.9465,0.0535
531,Middle,16485.29,0.8373,0.0531,0.1095,0.9607,0.0393
532,Middle,13295.51,0.7766,0.042,0.1814,0.9254,0.0746
533,Middle,15748.84,0.841,0.0271,0.132,0.9463,0.0537
534,Middle,10412.35,0.8322,0.028,0.1398,0.9387,0.0613
535,Middle,11847.32,0.7701,0.036,0.1939,0.9313,0.0687
536,Middle,14552.38,0.7952,0.0441,0.1607,0.9629,0.0371
537,Middle,11506.23,0.8371,0.0231,0.1398,0.9476,0.0524
538,Middle,11522.26,0.8461,0.0227,0.1312,0.945,0.055
539,Middle,18183.55,0.7986,0.0438,0.1576,0.9629,0.0371
540,Middle,20669.0,0.8443,0.0398,0.1159,0.9306,0.0694
541,Middle,14857.61,0.8117,0.0452,0.1431,0.9223,0.0777
542,Middle,18223.01,0.7611,0.048,0.1909,0.9482,0.0518
543,Middle,20691.27,0.8077,0.0513,0.1409,0.9681,0.0319
544,Middle,11342.59,0.7909,0.0416,0.1675,0.9399,0.0601
545,Middle,13830.26,0.8357,0.0274,0.1368,0.9617,0.0383
546,Middle,13336.45,0.8142,0.0484,0.1374,0.9578,0.0422
547,Middle,10897.88,0.7748,0.0504,0.1749,0.945,0.055
548,Middle,17097.12,0.8368,0.0213,0.1419,0.9619,0.0381
549,Middle,13699.73,0.7667,0.0421,0.1912,0.9398,0.0602
550,Middle,14023.41,0.8481,0.0214,0.1305,0.9696,0.0304
551,Middle,11409.4,0.7804,0.03,0.1896,0.9416,0.0584
552,Middle,11634.48,0.8464,0.0412,0.1123,0.9509,0.0491
553,Middle,19251.38,0.8473,0.0423,0.1105,0.9277,0.0723
554,Middle,10648.06,0.7941,0.0377,0.1682,0.9358,0.0642
555,Middle,12030.18,0.8344,0.0221,0.1435,0.938,0.062
556,Middle,12497.41,0.8448,0.0261,0.1291,0.9424,0.0576
557,Middle,14218.22,0.8566,0.0343,0.1091,0.9377,0.0623
558,Middle,15168.25,0.8167,0.0408,0.1425,0.9393,0.0607
559,Middle,14247.41,0.8476,0.0344,0.118,0.9651,0.0349
560,Middle,10926.84,0.8027,0.0471,0.1501,0.9285,0.0715
561,Middle,12114.19,0.8363,0.0256,0.1381,0.9447,0.0553
562,Middle,18287.84,0.812,0.0355,0.1526,0.9442,0.0558
563,Middle,15712.64,0.8327,0.0303,0.137,0.9513,0.0487
564,Middle,15840.03,0.8556,0.0273,0.117,0.9352,0.0648
565,Middle,16076.45,0.8148,0.0289,0.1563,0.9602,0.0398
566,Middle,17193.51,0.7872,0.0302,0.1825,0.963,0.037
567,Middle,10742.56,0.8444,0.024,0.1316,0.9674,0.0326
568,Middle,13113.62,0.7732,0.0295,0.1973,0.9684,0.0316
569,Middle,14693.95,0.804,0.0422,0.1539,0.9488,0.0512
570,Middle,12876.98,0.7843,0.0317,0.184,0.9396,0.0604
571,Middle,18300.67,0.7952,0.0386,0.1663,0.9473,0.0527
572,Middle,14146.62,0.7792,0.0348,0.186,0.9431,0.0569
573,Middle,17267.04,0.8349,0.0337,0.1313,0.9546,0.0454
574,Middle,18410.0,0.8182,0.0431,0.1386,0.945,0.055
575,Middle,14356.67,0.8081,0.0271,0.1648,0.9558,0.0442
576,Middle,19290.64,0.7893,0.0212,0.1896,0.944,0.056
577,Middle,15175.28,0.7766,0.0346,0.1888,0.9546,0.0454
578,Middle,18384.62,0.8174,0.0444,0.1382,0.9648,0.0352
579,Middle,12894.75,0.8448,0.0411,0.114,0.9584,0.0416
580,Middle,14299.77,0.8068,0.0303,0.1629,0.9222,0.0778
581,Middle,14614.13,0.8247,0.0392,0.1361,0.9576,0.0424
582,Middle,11076.35,0.8634,0.0336,0.1031,0.9329,0.0671
583,Middle,13388.41,0.8053,0.0358,0.1589,0.9488,0.0512
584,Middle,19416.61,0.7918,0.0316,0.1766,0.9494,0.0506
585,Middle,15638.96,0.8576,0.0325,0.1098,0.9252,0.0748
586,Middle,11608.85,0.8315,0.0513,0.1172,0.967,0.033
587,Middle,12880.3,0.8138,0.0313,0.155,0.9303,0.0697
588,Middle,11714.85,0.8176,0.0351,0.1473,0.9548,0.0452
589,Middle,10509.88,0.7883,0.0292,0.1825,0.9258,0.0742
590,Middle,19583.06,0.8012,0.0378,0.1609,0.9282,0.0718
591,Middle,13829.91,0.8542,0.0275,0.1183,0.928,0.072
592,Middle,12622.64,0.8242,0.0499,0.126,0.9403,0.0597
593,Middle,15293.63,0.8081,0.0412,0.1506,0.9215,0.0785
594,Middle,10388.82,0.8142,0.026,0.1598,0.9394,0.0606
595,Middle,12384.98,0.8029,0.0256,0.1715,0.9604,0.0396
596,Middle,16457.17,0.7825,0.0239,0.1937,0.9293,0.0707
597,Middle,15670.93,0.8303,0.0358,0.1339,0.9631,0.0369
598,Middle,20532.95,0.8015,0.0391,0.1594,0.9506,0.0494
599,Middle,15525.82,0.79,0.0297,0.1803,0.9509,0.0491
600,Middle,14099.32,0.8295,0.0411,0.1294,0.9507,0.0493
601,Middle,17174.72,0.8481,0.0269,0.125,0.9353,0.0647
602,Middle,19191.17,0.8002,0.0425,0.1573,0.9409,0.0591
603,Middle,16668.48,0.8358,0.0345,0.1298,0.9518,0.0482
604,Middle,20196.6,0.7739,0.0372,0.1889,0.9477,0.0523
605,Middle,17441.17,0.8369,0.0254,0.1377,0.9426,0.0574
606,Middle,18628.33,0.8515,0.0347,0.1138,0.9268,0.0732
607,Middle,11142.22,0.8065,0.0474,0.146,0.9447,0.0553
608,Middle,16811.32,0.7908,0.0314,0.1778,0.9444,0.0556
609,Middle,13756.46,0.7937,0.0219,0.1843,0.9346,0.0654
610,Middle,14828.89,0.8356,0.0388,0.1256,0.9429,0.0571
611,Middle,15895.14,0.8063,0.042,0.1516,0.9257,0.0743
612,Middle,20314.63,0.7714,0.0438,0.1847,0.9383,0.0617
613,Middle,20584.18,0.8116,0.0207,0.1676,0.9473,0.0527
614,Middle,12466.62,0.8047,0.0219,0.1735,0.9576,0.0424
615,Middle,16827.8,0.8,0.0513,0.1487,0.9374,0.0626
616,Middle,17029.66,0.7815,0.0312,0.1874,0.9588,0.0412
617,Middle,12944.03,0.7921,0.0454,0.1626,0.9375,0.0625
618,Middle,11213.07,0.8407,0.0399,0.1194,0.927,0.073
619,Middle,10622.17,0.8536,0.029,0.1173,0.9375,0.0625
620,Middle,17380.11,0.822,0.0382,0.1398,0.9552,0.0448
621,Middle,14213.54,0.7846,0.0282,0.1872,0.9693,0.0307
622,Middle,20602.03,0.7887,0.022,0.1893,0.9593,0.0407
623,Middle,13983.23,0.7807,0.0462,0.1731,0.9263,0.0737
624,Middle,20461.57,0.8081,0.0266,0.1653,0.9614,0.0386
625,Middle,13502.46,0.8136,0.0397,0.1467,0.9489,0.0511
626,Middle,17595.87,0.8139,0.034,0.1521,0.9517,0.0483
627,Middle,10931.86,0.8278,0.0225,0.1497,0.9339,0.0661
628,Middle,14852.52,0.7886,0.029,0.1823,0.9364,0.0636
629,Middle,17708.47,0.7761,0.0447,0.1792,0.9565,0.0435
630,Middle,19537.39,0.8191,0.0411,0.1398,0.9232,0.0768
631,Middle,17990.25,0.8258,0.0273,0.1469,0.9306,0.0694
632,Middle,10594.4,0.8131,0.0469,0.14,0.9489,0.0511
633,Middle,13165.52,0.8268,0.0354,0.1377,0.9541,0.0459
634,Middle,10676.43,0.7894,0.024,0.1866,0.943,0.057
635,Middle,11107.37,0.8006,0.048,0.1514,0.92,0.08
636,Middle,16134.64,0.8127,0.025,0.1623,0.9266,0.0734
637,Middle,16578.92,0.7889,0.024,0.1871,0.9337,0.0663
638,Middle,17332.95,0.832,0.0281,0.14,0.9652,0.0348
639,Middle,18608.26,0.8251,0.0343,0.1405,0.955,0.045
640,Middle,16897.93,0.7864,0.0403,0.1732,0.9201,0.0799
641,Middle,17692.41,0.8447,0.0254,0.1299,0.954,0.046
642,Middle,10678.29,0.7714,0.042,0.1867,0.9694,0.0306
643,Middle,12043.21,0.8581,0.026,0.116,0.9392,0.0608
644,Middle,15542.37,0.842,0.0236,0.1344,0.964,0.036
645,Middle,18499.59,0.7775,0.044,0.1785,0.9267,0.0733
646,Middle,10369.44,0.8273,0.0237,0.1491,0.9204,0.0796
647,Middle,14451.06,0.7987,0.0325,0.1688,0.9514,0.0486
648,Middle,16157.33,0.7919,0.0335,0.1746,0.963,0.037
649,Middle,10543.12,0.7928,0.024,0.1831,0.9495,0.0505
650,Middle,13412.86,0.8138,0.0505,0.1357,0.927,0.073
651,Middle,19069.71,0.8139,0.0236,0.1626,0.95,0.05
652,Middle,16092.49,0.7924,0.0424,0.1652,0.9624,0.0376
653,Middle,12067.44,0.8186,0.0291,0.1523,0.9455,0.0545
654,Middle,18421.17,0.8599,0.0301,0.11,0.9649,0.0351
655,Middle,12956.91,0.8526,0.0351,0.1122,0.945,0.055
656,Middle,18429.41,0.776,0.0344,0.1896,0.9693,0.0307
657,Middle,12552.95,0.8006,0.0227,0.1766,0.9484,0.0516
658,Middle,15208.46,0.784,0.0404,0.1757,0.9677,0.0323
659,Middle,13374.38,0.8667,0.0215,0.1119,0.9331,0.0669
660,Middle,12359.52,0.7897,0.0228,0.1874,0.9453,0.0547
661,Middle,18928.44,0.8215,0.0354,0.1431,0.9551,0.0449
662,Middle,11684.61,0.7932,0.0378,0.1691,0.9339,0.0661
663,Middle,10931.8,0.8338,0.0377,0.1285,0.9604,0.0396
664,Middle,12905.89,0.8046,0.0318,0.1636,0.9617,0.0383
665,Middle,16631.57,0.81,0.0218,0.1682,0.9565,0.0435
666,Middle,17781.4,0.8649,0.0225,0.1126,0.9417,0.0583
667,Middle,20850.61,0.8246,0.0397,0.1357,0.9571,0.0429
668,Middle,12532.1,0.8091,0.0232,0.1677,0.9551,0.0449
669,Middle,13470.52,0.7923,0.0502,0.1575,0.9591,0.0409
670,Middle,11307.59,0.8565,0.0261,0.1174,0.9591,0.0409
671,Middle,15049.14,0.7764,0.0466,0.177,0.9215,0.0785
672,Middle,20828.43,0.8606,0.0292,0.1102,0.9556,0.0444
673,Middle,16431.74,0.828,0.0229,0.1492,0.938,0.062
674,Middle,15259.46,0.8215,0.038,0.1405,0.9328,0.0672
675,Middle,13334.68,0.784,0.0384,0.1776,0.9314,0.0686
676,Middle,19383.45,0.7941,0.0211,0.1847,0.9322,0.0678
677,Middle,14281.73,0.8448,0.0334,0.1219,0.9666,0.0334
678,Middle,11289.63,0.7857,0.0344,0.1799,0.957,0.043
679,Middle,13103.18,0.8222,0.0308,0.147,0.956,0.044
680,Middle,10806.49,0.8296,0.0238,0.1466,0.9451,0.0549
681,Middle,11793.43,0.8032,0.0243,0.1725,0.9691,0.0309
682,Middle,10460.31,0.8337,0.0218,0.1445,0.9341,0.0659
683,Middle,13876.06,0.8184,0.0292,0.1523,0.9204,0.0796
684,Middle,15679.33,0.8215,0.0394,0.1391,0.9511,0.0489
685,Middle,12917.28,0.8098,0.0384,0.1518,0.9586,0.0414
686,Middle,13580.26,0.7753,0.0474,0.1774,0.9323,0.0677
687,Middle,20125.82,0.8283,0.0356,0.1361,0.9373,0.0627
688,Middle,17054.58,0.7755,0.0431,0.1814,0.9201,0.0799
689,Middle,14707.08,0.789,0.044,0.1671,0.9252,0.0748
690,Middle,12437.06,0.8199,0.0277,0.1524,0.923,0.077
691,Middle,19091.09,0.8494,0.0413,0.1093,0.9661,0.0339
692,Middle,12047.57,0.8033,0.034,0.1627,0.9386,0.0614
693,Middle,12768.42,0.8651,0.023,0.1118,0.9267,0.0733
694,Middle,19282.81,0.8229,0.022,0.1551,0.9417,0.0583
695,Middle,14595.84,0.8467,0.0271,0.1261,0.9358,0.0642
696,Middle,16933.78,0.7946,0.0393,0.1661,0.9359,0.0641
697,Middle,15212.87,0.845,0.0242,0.1308,0.959,0.041
698,Middle,15887.74,0.8514,0.026,0.1226,0.9433,0.0567
699,Middle,12556.51,0.7727,0.0353,0.192,0.9304,0.0696
700,Middle,12096.31,0.848,0.0304,0.1216,0.9279,0.0721
701,Middle,12744.96,0.7924,0.0434,0.1643,0.922,0.078
702,Middle,11444.62,0.8571,0.0307,0.1122,0.9324,0.0676
703,Middle,18741.3,0.7946,0.0358,0.1696,0.933,0.067
704,Middle,12426.7,0.8403,0.0207,0.139,0.9426,0.0574
705,Middle,14913.16,0.826,0.0275,0.1464,0.9602,0.0398
706,Middle,17573.08,0.7897,0.021,0.1892,0.9691,0.0309
707,Middle,17465.09,0.8075,0.0473,0.1452,0.9515,0.0485
708,Middle,13741.12,0.8329,0.0383,0.1287,0.9606,0.0394
709,Middle,14087.7,0.78,0.0227,0.1973,0.9422,0.0578
710,Middle,20773.79,0.7683,0.0475,0.1842,0.9366,0.0634
711,Middle,16126.54,0.8335,0.0374,0.1291,0.9487,0.0513
712,Middle,17880.15,0.8606,0.0329,0.1065,0.9542,0.0458
713,Middle,19178.88,0.8409,0.029,0.1301,0.934,0.066
714,Middle,17514.83,0.8209,0.0206,0.1585,0.9323,0.0677
715,Middle,11666.43,0.8062,0.0335,0.1604,0.923,0.077
716,Middle,14920.04,0.8438,0.0262,0.1301,0.9642,0.0358
717,Middle,11054.14,0.7855,0.0381,0.1764,0.9597,0.0403
718,Middle,15881.98,0.8256,0.0423,0.1322,0.9472,0.0528
719,Middle,20058.07,0.8016,0.0476,0.1508,0.9394,0.0606
720,Middle,14432.79,0.8353,0.0322,0.1326,0.9648,0.0352
721,Middle,13692.5,0.7894,0.0207,0.1899,0.9465,0.0535
722,Middle,10586.54,0.7697,0.0465,0.1838,0.925,0.075
723,Middle,20135.79,0.7956,0.0273,0.1771,0.9659,0.0341
724,Middle,11062.12,0.8147,0.0538,0.1315,0.9623,0.0377
725,Middle,10623.09,0.7945,0.0293,0.1761,0.9623,0.0377
726,Middle,12132.91,0.7785,0.0383,0.1832,0.9549,0.0451
727,Middle,10794.92,0.8151,0.0202,0.1647,0.9674,0.0326
728,Middle,13892.83,0.8381,0.0383,0.1235,0.9694,0.0306
729,Middle,14465.13,0.835,0.0346,0.1304,0.9445,0.0555
730,Middle,12663.67,0.836,0.0297,0.1342,0.9463,0.0537
731,Middle,10692.3,0.8173,0.0518,0.1309,0.9265,0.0735
732,Middle,11124.12,0.7798,0.0451,0.175,0.9362,0.0638
733,Middle,13266.72,0.7664,0.0383,0.1953,0.9587,0.0413
734,Middle,10759.62,0.7753,0.0426,0.1821,0.9387,0.0613
735,Middle,16400.03,0.856,0.0323,0.1116,0.9351,0.0649
736,Middle,11831.79,0.7767,0.0251,0.1982,0.9596,0.0404
737,Middle,12578.27,0.8436,0.0394,0.1171,0.9684,0.0316
738,Middle,13349.92,0.7834,0.0458,0.1709,0.9312,0.0688
739,Middle,13546.87,0.8384,0.0262,0.1354,0.9544,0.0456
740,Middle,10349.91,0.7631,0.0419,0.195,0.9674,0.0326
741,Middle,11127.51,0.7621,0.0481,0.1898,0.9216,0.0784
742,Middle,18568.2,0.7683,0.0452,0.1866,0.931,0.069
743,Middle,10346.97,0.8326,0.0497,0.1177,0.9573,0.0427
744,Middle,14388.96,0.8231,0.0526,0.1242,0.9643,0.0357
745,Middle,14211.67,0.7872,0.0428,0.17,0.9643,0.0357
746,Middle,12832.47,0.8386,0.0295,0.1319,0.9234,0.0766
747,Middle,13677.76,0.8628,0.0259,0.1114,0.9393,0.0607
748,Middle,17422.47,0.7761,0.0463,0.1777,0.9447,0.0553
749,Middle,18253.57,0.8432,0.0389,0.1179,0.944,0.056
750,Middle,12244.91,0.8007,0.0378,0.1615,0.9281,0.0719
751,Middle,12744.95,0.8124,0.0487,0.1389,0.9359,0.0641
752,Middle,12104.96,0.8586,0.0226,0.1189,0.9388,0.0612
753,Middle,14121.3,0.7844,0.0347,0.1809,0.9247,0.0753
754,Middle,16226.03,0.8126,0.0386,0.1489,0.9215,0.0785
755,Middle,11994.62,0.7978,0.0236,0.1786,0.9279,0.0721
756,Middle,12812.94,0.8396,0.0289,0.1314,0.9549,0.0451
757,Middle,19631.71,0.83,0.0423,0.1277,0.9341,0.0659
758,Middle,10675.53,0.8124,0.0226,0.165,0.962,0.038
759,Middle,13944.57,0.8151,0.0328,0.152,0.9347,0.0653
760,Middle,16558.57,0.8378,0.039,0.1231,0.9213,0.0787
761,Middle,11407.78,0.8485,0.0318,0.1197,0.9622,0.0378
762,Middle,10667.15,0.812,0.0332,0.1548,0.9531,0.0469
763,Middle,11317.72,0.8306,0.0397,0.1296,0.9643,0.0357
764,Middle,19440.85,0.8313,0.0353,0.1335,0.9433,0.0567
765,Middle,10402.23,0.852,0.0309,0.1171,0.9576,0.0424
766,Middle,11690.1,0.8388,0.0232,0.138,0.9471,0.0529
767,Middle,10554.78,0.8144,0.0362,0.1494,0.962,0.038
768,Middle,11117.1,0.8172,0.032,0.1508,0.9633,0.0367
769,Middle,15523.58,0.8043,0.0468,0.1489,0.9239,0.0761
770,Middle,12098.39,0.8143,0.0401,0.1456,0.965,0.035
771,Middle,14991.4,0.804,0.0391,0.1569,0.926,0.074
772,Middle,15207.16,0.7869,0.024,0.1891,0.9686,0.0314
773,Middle,18372.42,0.8334,0.0239,0.1428,0.9694,0.0306
774,Middle,10371.1,0.7887,0.0496,0.1617,0.9617,0.0383
775,Middle,18429.77,0.7647,0.0466,0.1887,0.9234,0.0766
776,Middle,15512.53,0.8274,0.0335,0.1391,0.9338,0.0662
777,Middle,11498.74,0.7797,0.0453,0.175,0.9512,0.0488
778,Middle,17322.78,0.8217,0.0334,0.1449,0.9274,0.0726
779,Middle,18460.86,0.7736,0.0409,0.1855,0.9662,0.0338
780,Middle,12197.06,0.8417,0.024,0.1343,0.9468,0.0532
781,Middle,19440.37,0.8213,0.0338,0.1448,0.9443,0.0557
782,Middle,13886.8,0.8451,0.022,0.1329,0.9272,0.0728
783,Middle,15345.65,0.8486,0.0427,0.1087,0.9645,0.0355
784,Middle,20585.51,0.7952,0.0275,0.1773,0.966,0.034
785,Middle,13070.62,0.8058,0.0198,0.1744,0.9352,0.0648
786,Middle,17859.79,0.792,0.0354,0.1727,0.9249,0.0751
787,Middle,12711.36,0.7908,0.0227,0.1865,0.9422,0.0578
788,Middle,17670.06,0.8306,0.028,0.1413,0.9523,0.0477
789,Middle,15317.33,0.7865,0.0269,0.1866,0.957,0.043
790,Middle,11903.12,0.7836,0.0437,0.1728,0.9458,0.0542
791,Middle,13524.05,0.8097,0.031,0.1593,0.9268,0.0732
792,Middle,12705.1,0.8484,0.0471,0.1045,0.9296,0.0704
793,Middle,10884.07,0.8305,0.045,0.1245,0.9428,0.0572
794,Middle,10544.7,0.8332,0.0407,0.1261,0.9612,0.0388
795,Middle,12943.91,0.8409,0.041,0.1181,0.9215,0.0785
796,Middle,10469.76,0.835,0.0401,0.1249,0.9635,0.0365
797,Middle,11519.14,0.8463,0.0319,0.1218,0.9647,0.0353
798,Middle,16722.93,0.8298,0.0409,0.1293,0.9393,0.0607
799,Middle,16517.2,0.7663,0.0372,0.1965,0.9629,0.0371
800,High,33047.94,0.8682,0.1182,0.0135,0.791,0.209
801,High,24348.21,0.8282,0.1322,0.0396,0.7509,0.2491
802,High,40327.68,0.8602,0.1108,0.029,0.7508,0.2492
803,High,29082.73,0.8499,0.1344,0.0157,0.8467,0.1533
804,High,22099.88,0.886,0.0947,0.0193,0.7849,0.2151
805,High,22286.02,0.8634,0.1011,0.0354,0.8324,0.1676
806,High,31615.13,0.9073,0.0651,0.0276,0.8162,0.1838
807,High,22602.18,0.8807,0.0871,0.0322,0.8109,0.1891
808,High,27324.93,0.9284,0.068,0.0036,0.8488,0.1512
809,High,52248.76,0.8527,0.1344,0.0129,0.8211,0.1789
810,High,20911.13,0.9105,0.0818,0.0077,0.8265,0.1735
811,High,21026.63,0.8391,0.1231,0.0378,0.81,0.19
812,High,52528.08,0.8489,0.1157,0.0354,0.8155,0.1845
813,High,28879.42,0.9028,0.0762,0.021,0.7888,0.2112
814,High,22109.09,0.8432,0.1268,0.03,0.769,0.231
815,High,40854.49,0.8981,0.0743,0.0275,0.8285,0.1715
816,High,39669.41,0.862,0.1134,0.0246,0.8345,0.1655
817,High,27875.83,0.8577,0.1335,0.0088,0.7598,0.2402
818,High,29729.89,0.8748,0.0817,0.0435,0.8263,0.1737
819,High,23779.3,0.8586,0.1238,0.0176,0.7589,0.2411
820,High,21346.0,0.8567,0.1276,0.0157,0.8288,0.1712
821,High,29099.23,0.9018,0.0823,0.0159,0.8351,0.1649
822,High,24053.93,0.8363,0.1349,0.0288,0.8444,0.1556
823,High,30789.79,0.8312,0.1431,0.0258,0.8367,0.1633
824,High,37102.98,0.9104,0.0867,0.0029,0.8354,0.1646
825,High,21041.25,0.8999,0.0774,0.0226,0.8069,0.1931
826,High,29124.94,0.8887,0.0955,0.0158,0.8216,0.1784
827,High,23268.43,0.8708,0.098,0.0313,0.7677,0.2323
828,High,39248.75,0.9308,0.0544,0.0147,0.8261,0.1739
829,High,23537.71,0.844,0.1307,0.0253,0.8264,0.1736
830,High,29469.42,0.8496,0.1171,0.0333,0.7903,0.2097
831,High,28222.76,0.9086,0.0895,0.0019,0.7699,0.2301
832,High,25469.91,0.9254,0.0568,0.0178,0.8333,0.1667
833,High,31172.88,0.8461,0.1216,0.0324,0.7749,0.2251
834,High,32622.28,0.9054,0.0879,0.0067,0.7884,0.2116
835,High,28499.98,0.8884,0.069,0.0426,0.7798,0.2202
836,High,33746.67,0.8446,0.1251,0.0304,0.7838,0.2162
837,High,50611.24,0.8421,0.1417,0.0162,0.8401,0.1599
838,High,25825.87,0.8779,0.0723,0.0498,0.8418,0.1582
839,High,27460.79,0.885,0.0767,0.0383,0.7631,0.2369
840,High,20988.71,0.8815,0.11,0.0085,0.7867,0.2133
841,High,35226.88,0.8986,0.0558,0.0455,0.7756,0.2244
842,High,27567.42,0.8908,0.0573,0.0519,0.8162,0.1838
843,High,25649.88,0.9092,0.0546,0.0362,0.7917,0.2083
844,High,21773.12,0.8671,0.1084,0.0245,0.7653,0.2347
845,High,40302.11,0.8716,0.1133,0.0151,0.8162,0.1838
846,High,25452.41,0.8898,0.0791,0.0311,0.7637,0.2363
847,High,31312.43,0.9016,0.0618,0.0367,0.7618,0.2382
848,High,22346.35,0.92,0.0687,0.0113,0.77,0.23
849,High,47196.59,0.8803,0.109,0.0107,0.8203,0.1797
850,High,22662.91,0.9133,0.0594,0.0273,0.7708,0.2292
851,High,22899.87,0.9148,0.0851,0.0001,0.8172,0.1828
852,High,38343.92,0.8421,0.1262,0.0316,0.7649,0.2351
853,High,42055.17,0.8549,0.1069,0.0382,0.7601,0.2399
854,High,23044.45,0.8707,0.0771,0.0521,0.7796,0.2204
855,High,26656.25,0.9249,0.0655,0.0095,0.7539,0.2461
856,High,32876.7,0.8504,0.1335,0.016,0.8239,0.1761
857,High,39537.01,0.8634,0.1342,0.0024,0.8352,0.1648
858,High,25214.95,0.9107,0.0705,0.0188,0.7938,0.2062
859,High,27506.65,0.8582,0.1372,0.0046,0.8315,0.1685
860,High,33155.07,0.8555,0.0942,0.0503,0.7772,0.2228
861,High,32798.3,0.8273,0.1333,0.0395,0.8149,0.1851
862,High,34686.71,0.9015,0.0628,0.0357,0.7559,0.2441
863,High,28563.13,0.9116,0.0672,0.0212,0.8091,0.1909
864,High,21879.63,0.874,0.117,0.009,0.788,0.212
865,High,41361.75,0.9056,0.0573,0.0371,0.8339,0.1661
866,High,38734.04,0.8916,0.0627,0.0457,0.7613,0.2387
867,High,35315.18,0.9255,0.0601,0.0144,0.7814,0.2186
868,High,21831.46,0.8479,0.1147,0.0374,0.8077,0.1923
869,High,22955.29,0.8253,0.1424,0.0323,0.7838,0.2162
870,High,33220.0,0.8723,0.1229,0.0049,0.8162,0.1838
871,High,21087.49,0.8745,0.0897,0.0358,0.7885,0.2115
872,High,49870.82,0.8506,0.1018,0.0475,0.7555,0.2445
873,High,25186.96,0.8888,0.0676,0.0436,0.8352,0.1648
874,High,32414.66,0.9153,0.0593,0.0254,0.7741,0.2259
875,High,40156.45,0.9313,0.0571,0.0116,0.8143,0.1857
876,High,25446.72,0.897,0.0785,0.0245,0.8301,0.1699
877,High,24374.68,0.8424,0.1353,0.0223,0.7619,0.2381
878,High,29422.25,0.8758,0.1189,0.0053,0.7912,0.2088
879,High,28799.92,0.9401,0.0549,0.005,0.8104,0.1896
880,High,25668.06,0.8906,0.0831,0.0263,0.7707,0.2293
881,High,29262.09,0.8416,0.1408,0.0176,0.7554,0.2446
882,High,44148.2,0.8695,0.1009,0.0296,0.812,0.188
883,High,26619.16,0.8483,0.1159,0.0358,0.7614,0.2386
884,High,22868.07,0.9075,0.0748,0.0177,0.833,0.167
885,High,25187.86,0.8949,0.0791,0.0261,0.8202,0.1798
886,High,25438.85,0.9164,0.0756,0.008,0.8217,0.1783
887,High,22152.96,0.9053,0.063,0.0317,0.7688,0.2312
888,High,22491.96,0.8884,0.0888,0.0227,0.8281,0.1719
889,High,31368.72,0.9145,0.0638,0.0217,0.8427,0.1573
890,High,24651.36,0.857,0.1056,0.0374,0.7951,0.2049
891,High,46337.04,0.8504,0.143,0.0066,0.7999,0.2001
892,High,23415.6,0.8936,0.0575,0.049,0.8339,0.1661
893,High,21821.98,0.8524,0.1013,0.0463,0.7677,0.2323
894,High,33568.74,0.8689,0.1246,0.0065,0.7887,0.2113
895,High,39712.88,0.8403,0.1351,0.0246,0.7885,0.2115
896,High,23841.3,0.8332,0.1314,0.0354,0.7774,0.2226
897,High,22928.89,0.8408,0.1379,0.0212,0.7633,0.2367
898,High,22744.46,0.8424,0.1202,0.0375,0.7799,0.2201
899,High,27601.33,0.8352,0.1306,0.0342,0.8436,0.1564
900,High,26632.47,0.895,0.0727,0.0324,0.7791,0.2209
901,High,23608.51,0.8338,0.1171,0.049,0.815,0.185
902,High,21294.93,0.8689,0.0974,0.0337,0.7822,0.2178
903,High,26859.58,0.8814,0.0926,0.0261,0.8071,0.1929
904,High,46902.49,0.8703,0.0921,0.0375,0.8341,0.1659
905,High,30496.66,0.8255,0.1342,0.0403,0.8023,0.1977
906,High,27109.43,0.8911,0.0717,0.0372,0.77,0.23
907,High,21941.6,0.9158,0.0692,0.015,0.7751,0.2249
908,High,23522.73,0.8685,0.117,0.0145,0.8254,0.1746
909,High,24054.17,0.8547,0.1398,0.0055,0.8368,0.1632
910,High,33982.54,0.8343,0.1303,0.0354,0.8061,0.1939
911,High,39429.51,0.8303,0.1294,0.0403,0.7788,0.2212
912,High,41181.64,0.8425,0.1387,0.0188,0.8457,0.1543
913,High,50823.37,0.8918,0.0807,0.0274,0.7513,0.2487
914,High,50421.13,0.8452,0.1148,0.04,0.837,0.163
915,High,46103.51,0.8335,0.1332,0.0333,0.8148,0.1852
916,High,21552.39,0.8665,0.1036,0.0299,0.8276,0.1724
917,High,22223.26,0.9103,0.0807,0.009,0.8183,0.1817
918,High,24180.35,0.8979,0.0739,0.0282,0.7877,0.2123
919,High,28209.67,0.8826,0.1106,0.0068,0.8084,0.1916
920,High,21802.35,0.8744,0.088,0.0376,0.7655,0.2345
921,High,37605.77,0.9058,0.0914,0.0028,0.8432,0.1568
922,High,29609.98,0.8596,0.1159,0.0245,0.8073,0.1927
923,High,27997.67,0.8528,0.131,0.0162,0.772,0.228
924,High,22518.54,0.9089,0.0631,0.028,0.7916,0.2084
925,High,23532.72,0.924,0.0641,0.012,0.7713,0.2287
926,High,22464.17,0.8957,0.0925,0.0117,0.8253,0.1747
927,High,37942.57,0.8172,0.1434,0.0395,0.8481,0.1519
928,High,28870.44,0.8519,0.1243,0.0237,0.8404,0.1596
929,High,32931.41,0.8433,0.1098,0.0469,0.8183,0.1817
930,High,24070.46,0.815,0.1387,0.0463,0.7886,0.2114
931,High,25101.07,0.8733,0.0801,0.0466,0.8322,0.1678
932,High,25602.14,0.8459,0.1316,0.0225,0.7544,0.2456
933,High,33805.01,0.9036,0.0703,0.0261,0.8448,0.1552
934,High,34269.18,0.8256,0.1472,0.0272,0.7507,0.2493
935,High,22982.99,0.8382,0.1216,0.0402,0.8365,0.1635
936,High,44792.03,0.9061,0.065,0.0289,0.8203,0.1797
937,High,22044.12,0.8488,0.1206,0.0306,0.844,0.156
938,High,40767.29,0.9083,0.0679,0.0238,0.7832,0.2168
939,High,21836.85,0.8947,0.0613,0.0439,0.8058,0.1942
940,High,23671.5,0.9091,0.0771,0.0137,0.7888,0.2112
941,High,37642.62,0.9016,0.0975,0.0009,0.8173,0.1827
942,High,22674.56,0.8547,0.1143,0.031,0.8256,0.1744
943,High,25736.69,0.8741,0.1223,0.0037,0.8428,0.1572
944,High,26319.48,0.8494,0.1348,0.0158,0.7587,0.2413
945,High,23435.65,0.8853,0.0947,0.02,0.8161,0.1839
946,High,32130.51,0.885,0.1079,0.0071,0.7891,0.2109
947,High,37909.21,0.8522,0.1013,0.0465,0.7644,0.2356
948,High,39292.43,0.8273,0.1348,0.0379,0.8229,0.1771
949,High,24649.21,0.8291,0.1435,0.0274,0.8055,0.1945
950,High,27771.36,0.91,0.0566,0.0334,0.8037,0.1963
951,High,23473.73,0.8836,0.0795,0.0369,0.8404,0.1596
952,High,23430.07,0.871,0.0953,0.0337,0.8013,0.1987
953,High,22474.39,0.8776,0.0775,0.0449,0.7694,0.2306
954,High,44629.48,0.8258,0.1312,0.043,0.8351,0.1649
955,High,40185.46,0.8381,0.1402,0.0216,0.805,0.195
956,High,34464.0,0.9308,0.0637,0.0055,0.8226,0.1774
957,High,27518.77,0.9046,0.0886,0.0068,0.8155,0.1845
958,High,27021.33,0.8377,0.1158,0.0465,0.7818,0.2182
959,High,27749.94,0.8694,0.1149,0.0157,0.8084,0.1916
960,High,27883.05,0.8933,0.0902,0.0165,0.7928,0.2072
961,High,26069.3,0.9033,0.0842,0.0125,0.824,0.176
962,High,22159.73,0.857,0.1361,0.0068,0.8233,0.1767
963,High,22096.11,0.886,0.0961,0.0179,0.7805,0.2195
964,High,46012.73,0.8973,0.0709,0.0318,0.8342,0.1658
965,High,26869.07,0.9069,0.0655,0.0276,0.7763,0.2237
966,High,46128.65,0.9354,0.0607,0.004,0.7519,0.2481
967,High,22499.64,0.9119,0.0569,0.0312,0.7905,0.2095
968,High,28240.63,0.8362,0.1369,0.0268,0.8043,0.1957
969,High,22993.37,0.8687,0.0938,0.0374,0.7866,0.2134
970,High,23531.86,0.8338,0.129,0.0372,0.7791,0.2209
971,High,21152.08,0.875,0.1045,0.0205,0.8002,0.1998
972,High,22026.53,0.8318,0.1294,0.0387,0.8114,0.1886
973,High,42416.52,0.8684,0.1079,0.0237,0.7679,0.2321
974,High,24406.89,0.8449,0.1095,0.0457,0.8236,0.1764
975,High,29408.07,0.8976,0.0909,0.0116,0.7988,0.2012
976,High,26574.27,0.9005,0.0971,0.0024,0.7707,0.2293
977,High,25534.88,0.8904,0.0861,0.0235,0.7955,0.2045
978,High,27791.49,0.8305,0.1528,0.0167,0.8204,0.1796
979,High,22760.95,0.8299,0.1295,0.0407,0.7763,0.2237
980,High,51599.61,0.8952,0.0706,0.0342,0.7865,0.2135
981,High,36222.13,0.8445,0.1303,0.0252,0.7876,0.2124
982,High,33151.57,0.8819,0.1006,0.0175,0.8368,0.1632
983,High,26638.35,0.8686,0.1005,0.0309,0.8002,0.1998
984,High,22383.91,0.9204,0.0753,0.0044,0.8143,0.1857
985,High,42750.79,0.9044,0.0757,0.0199,0.8217,0.1783
986,High,24677.76,0.8773,0.0789,0.0438,0.822,0.178
987,High,21342.05,0.8867,0.1023,0.011,0.7661,0.2339
988,High,24691.85,0.942,0.0557,0.0023,0.8073,0.1927
989,High,35160.32,0.8766,0.1213,0.0021,0.8072,0.1928
990,Top 1%,65352.31,0.4026,0.5954,0.002,0.6437,0.3563
991,Top 1%,69778.96,0.4242,0.5757,0.0002,0.6079,0.3921
992,Top 1%,71663.43,0.4402,0.5589,0.0009,0.5674,0.4326
993,Top 1%,56917.43,0.4329,0.5654,0.0016,0.6246,0.3754
994,Top 1%,79816.22,0.411,0.5808,0.0082,0.5273,0.4727
995,Top 1%,60846.46,0.438,0.5544,0.0076,0.5514,0.4486
996,Top 1%,65838.83,0.4132,0.5844,0.0024,0.5578,0.4422
997,Top 1%,54152.76,0.4056,0.5847,0.0097,0.5757,0.4243
998,Top 1%,87394.37,0.4317,0.5672,0.0011,0.5714,0.4286
999,Top 0.1%,94017.81,0.2173,0.7747,0.0081,0.2507,0.7493
1000,Low,7972.57,0.2831,0.0171,0.6998,1.0094,-0.0094
1001,Low,7206.24,0.2966,0.017,0.6864,1.0864,-0.0864
1002,Low,5733.16,0.2974,0.0091,0.6935,1.0319,-0.0319
1003,Low,6219.89,0.364,0.0011,0.6349,1.049,-0.049
1004,Middle,19328.96,0.8425,0.0289,0.1286,0.9356,0.0644
1005,Middle,14424.92,0.8517,0.0227,0.1256,0.929,0.071
1006,Middle,15241.2,0.7884,0.0416,0.17,0.9471,0.0529
1007,Middle,13976.54,0.7871,0.0423,0.1705,0.955,0.045
1008,High,37523.3,0.8969,0.0611,0.042,0.8363,0.1637
1009,High,24981.85,0.8261,0.146,0.0279,0.8099,0.1901
1010,Low,5810.91,0.2913,0.0028,0.7058,1.0933,-0.0933
1011,Low,7577.16,0.2876,0.0122,0.7002,1.0093,-0.0093
1012,Low,6852.51,0.3057,0.0042,0.6901,1.0449,-0.0449
1013,Low,9202.0,0.3243,0.0182,0.6575,1.0755,-0.0755
1014,Middle,13064.18,0.7811,0.0368,0.1821,0.9379,0.0621
1015,Middle,15211.62,0.7879,0.0372,0.175,0.929,0.071
1016,Middle,15315.94,0.8005,0.0338,0.1657,0.9463,0.0537
1017,Middle,14972.34,0.8019,0.0267,0.1713,0.9354,0.0646
1018,High,25427.58,0.864,0.1003,0.0357,0.7666,0.2334
1019,High,20131.65,0.8691,0.0785,0.0524,0.7671,0.2329
1020,Low,6640.07,0.3475,0.0065,0.646,1.0265,-0.0265
1021,Low,7956.22,0.3389,0.0068,0.6543,1.0633,-0.0633
1022,Low,7959.48,0.3222,0.0092,0.6686,1.1204,-0.1204
1023,Low,5741.22,0.2705,0.0126,0.7169,1.0519,-0.0519
1024,Middle,17455.21,0.859,0.0241,0.1169,0.9583,0.0417
1025,Middle,8124.36,0.8324,0.0389,0.1287,0.9208,0.0792
1026,Middle,16718.62,0.7744,0.0383,0.1873,0.9601,0.0399
1027,Middle,16940.38,0.8493,0.0367,0.114,0.9521,0.0479
1028,High,29641.8,0.8939,0.0539,0.0522,0.7542,0.2458
1029,High,27791.11,0.8724,0.1082,0.0195,0.8,0.2
1030,Low,6703.74,0.3076,0.0189,0.6734,1.0787,-0.0787
1031,Low,6033.22,0.3231,0.0062,0.6708,1.0845,-0.0845
1032,Low,6600.13,0.3223,0.0105,0.6673,1.1032,-0.1032
1033,Low,7224.49,0.2987,0.0084,0.693,1.0094,-0.0094
1034,Middle,15934.04,0.8414,0.0374,0.1212,0.945,0.055
1035,Middle,16299.01,0.7756,0.0448,0.1796,0.9237,0.0763
1036,Middle,14422.93,0.7799,0.0221,0.198,0.9509,0.0491
1037,Middle,12979.4,0.7974,0.0327,0.1699,0.9529,0.0471
1038,High,20844.97,0.9229,0.0615,0.0156,0.8127,0.1873
1039,High,25027.79,0.9149,0.0667,0.0185,0.7778,0.2222
1040,Low,7437.87,0.2938,0.0093,0.6969,1.1058,-0.1058
1041,Low,8467.49,0.3061,0.008,0.6859,1.0079,-0.0079
1042,Low,6699.74,0.3219,0.0074,0.6708,1.1296,-0.1296
1043,Low,6086.31,0.2638,0.01,0.7262,1.0444,-0.0444
1044,Middle,11046.92,0.8504,0.0261,0.1235,0.9578,0.0422
1045,Middle,14246.44,0.8506,0.0367,0.1127,0.9591,0.0409
1046,Middle,16522.43,0.772,0.0388,0.1892,0.9302,0.0698
1047,Middle,16910.78,0.792,0.028,0.18,0.962,0.038
1048,High,24701.46,0.8821,0.0815,0.0364,0.8417,0.1583
1049,High,26149.09,0.8861,0.0643,0.0496,0.8088,0.1912
1050,Low,6129.42,0.3011,0.005,0.6938,1.0035,-0.0035
1051,Low,8731.64,0.2914,0.0204,0.6882,1.057,-0.057
1052,Low,7681.18,0.3181,0.0148,0.6672,1.0206,-0.0206
1053,Low,7392.73,0.316,0.015,0.669,1.0868,-0.0868
1054,Middle,10579.04,0.7908,0.0517,0.1575,0.9338,0.0662
1055,Middle,13607.36,0.8377,0.0373,0.125,0.9453,0.0547
1056,Middle,18758.48,0.7878,0.0465,0.1657,0.935,0.065
1057,Middle,18525.0,0.8005,0.0283,0.1712,0.9273,0.0727
1058,High,16733.41,0.8701,0.1203,0.0096,0.7808,0.2192
1059,High,32469.7,0.8589,0.1398,0.0013,0.7514,0.2486
1060,Low,6819.99,0.2978,0.0005,0.7017,1.0318,-0.0318
1061,Low,7649.58,0.2919,0.0102,0.6979,1.0575,-0.0575
1062,Low,5323.81,0.3269,0.0139,0.6591,1.0802,-0.0802
1063,Low,6112.57,0.2996,0.0139,0.6866,1.1299,-0.1299
1064,Middle,16715.34,0.8036,0.0359,0.1605,0.9556,0.0444
1065,Middle,13740.78,0.8175,0.0457,0.1369,0.9436,0.0564
1066,Middle,12262.11,0.8172,0.0262,0.1566,0.948,0.052
1067,Middle,15885.84,0.8344,0.0348,0.1308,0.9479,0.0521
1068,High,27003.26,0.8882,0.1077,0.0041,0.8028,0.1972
1069,High,26340.18,0.8743,0.1129,0.0128,0.8095,0.1905
1070,Top 0.1%,83478.54,0.1942,0.7989,0.007,0.3113,0.6887
1071,Low,6285.27,0.3393,0.0081,0.6526,1.0103,-0.0103
1072,Low,6154.01,0.3153,0.0079,0.6768,1.1469,-0.1469
1073,Low,7520.6,0.3184,0.0062,0.6755,1.0124,-0.0124
1074,Low,8098.92,0.2824,0.0193,0.6982,1.1245,-0.1245
1075,Middle,13782.41,0.7925,0.0332,0.1743,0.9249,0.0751
1076,Middle,13000.05,0.8512,0.0293,0.1195,0.9654,0.0346
1077,Middle,14859.83,0.8197,0.0199,0.1604,0.9568,0.0432
1078,Middle,14358.72,0.7734,0.0488,0.1778,0.9328,0.0672
1079,High,28636.36,0.868,0.1214,0.0107,0.8263,0.1737
1080,High,28473.72,0.8161,0.1409,0.043,0.7851,0.2149
1081,Top 0.1%,102050.66,0.2003,0.7916,0.0081,0.3043,0.6957
